lab_id,model_id,model_expression,anger,disgust,fear,happiness,sadness,surprise,other
MF0004,0001,anger,0.2268041237113402,0.31958762886597936,0.030927835051546393,0.030927835051546393,0.2268041237113402,0.061855670103092786,0.10309278350515463
MF0004,0001,disgust,NA,0.45977011494252873,0.11494252873563218,0.05747126436781609,0.11494252873563218,0.08045977011494253,0.1724137931034483
MF0004,0001,fear,0.011235955056179775,0.29213483146067415,0.15730337078651685,0.033707865168539325,0.2808988764044944,0.06741573033707865,0.15730337078651685
MF0004,0001,happiness,NA,NA,NA,0.9587628865979382,NA,0.020618556701030927,0.020618556701030927
MF0004,0001,sadness,0.06976744186046512,0.06976744186046512,0.09302325581395349,0.011627906976744186,0.46511627906976744,0.046511627906976744,0.2441860465116279
MF0004,0001,surprise,0.008771929824561403,0.02631578947368421,0.017543859649122806,0.11403508771929824,0.03508771929824561,0.6578947368421053,0.14035087719298245
MF0004,0002,anger,0.9072164948453608,0.041237113402061855,NA,NA,0.030927835051546393,0.020618556701030927,NA
MF0004,0002,disgust,0.3103448275862069,0.19540229885057472,0.08045977011494253,NA,0.22988505747126436,0.06896551724137931,0.11494252873563218
MF0004,0002,fear,0.2808988764044944,0.14606741573033707,0.15730337078651685,0.02247191011235955,0.11235955056179775,0.14606741573033707,0.1348314606741573
MF0004,0002,happiness,0.010309278350515464,0.030927835051546393,NA,0.9278350515463918,NA,0.010309278350515464,0.020618556701030927
MF0004,0002,sadness,0.08139534883720931,0.22093023255813954,0.023255813953488372,0.011627906976744186,0.5930232558139535,0.011627906976744186,0.05813953488372093
MF0004,0002,surprise,0.07894736842105263,0.06140350877192982,0.07017543859649122,0.03508771929824561,0.22807017543859648,0.22807017543859648,0.2982456140350877
MF0004,0003,anger,0.3711340206185567,0.21649484536082475,0.010309278350515464,0.020618556701030927,0.13402061855670103,0.10309278350515463,0.14432989690721648
MF0004,0003,disgust,0.011494252873563218,0.4482758620689655,0.14942528735632185,0.022988505747126436,0.09195402298850575,0.1839080459770115,0.09195402298850575
MF0004,0003,fear,0.0449438202247191,0.06741573033707865,0.033707865168539325,0.23595505617977527,0.10112359550561797,0.0449438202247191,0.47191011235955055
MF0004,0003,happiness,NA,NA,NA,0.9896907216494846,NA,NA,0.010309278350515464
MF0004,0003,sadness,0.1744186046511628,0.06976744186046512,0.09302325581395349,NA,0.45348837209302323,0.023255813953488372,0.18604651162790697
MF0004,0003,surprise,0.008771929824561403,NA,0.043859649122807015,0.07017543859649122,0.017543859649122806,0.7456140350877193,0.11403508771929824
MF0004,0004,anger,0.020618556701030927,0.26804123711340205,0.07216494845360824,0.07216494845360824,0.25773195876288657,0.07216494845360824,0.23711340206185566
MF0004,0004,disgust,0.022988505747126436,0.28735632183908044,0.10344827586206896,0.08045977011494253,0.28735632183908044,0.11494252873563218,0.10344827586206896
MF0004,0004,fear,0.0449438202247191,0.06741573033707865,0.15730337078651685,0.16853932584269662,0.10112359550561797,0.16853932584269662,0.29213483146067415
MF0004,0004,happiness,NA,0.010309278350515464,NA,0.979381443298969,NA,0.010309278350515464,NA
MF0004,0004,sadness,0.03488372093023256,0.023255813953488372,0.10465116279069768,0.011627906976744186,0.5697674418604651,0.023255813953488372,0.23255813953488372
MF0004,0004,surprise,NA,NA,0.03508771929824561,0.5350877192982456,0.017543859649122806,0.07017543859649122,0.34210526315789475
MF0004,0005,anger,0.020618556701030927,0.10309278350515463,0.05154639175257732,0.09278350515463918,0.25773195876288657,0.020618556701030927,0.4536082474226804
MF0004,0005,disgust,0.022988505747126436,0.011494252873563218,0.022988505747126436,0.20689655172413793,0.1839080459770115,0.034482758620689655,0.5172413793103449
MF0004,0005,fear,0.02247191011235955,0.011235955056179775,0.14606741573033707,0.12359550561797752,0.02247191011235955,0.33707865168539325,0.33707865168539325
MF0004,0005,happiness,0.020618556701030927,0.010309278350515464,NA,0.7938144329896907,0.010309278350515464,0.030927835051546393,0.13402061855670103
MF0004,0005,sadness,0.011627906976744186,0.03488372093023256,0.023255813953488372,0.06976744186046512,0.3023255813953488,0.011627906976744186,0.5465116279069767
MF0004,0005,surprise,0.017543859649122806,NA,0.03508771929824561,0.37719298245614036,0.05263157894736842,0.21929824561403508,0.2982456140350877
MF0004,0006,anger,0.4948453608247423,0.10309278350515463,0.061855670103092786,0.041237113402061855,0.10309278350515463,NA,0.1958762886597938
MF0004,0006,disgust,0.05747126436781609,0.5977011494252874,0.022988505747126436,0.16091954022988506,NA,0.08045977011494253,0.08045977011494253
MF0004,0006,fear,0.02247191011235955,0.0449438202247191,0.02247191011235955,0.14606741573033707,0.033707865168539325,0.4044943820224719,0.3258426966292135
MF0004,0006,happiness,NA,NA,NA,0.9587628865979382,NA,0.020618556701030927,0.020618556701030927
MF0004,0006,sadness,0.03488372093023256,0.011627906976744186,0.03488372093023256,0.5348837209302325,0.09302325581395349,0.16279069767441862,0.12790697674418605
MF0004,0006,surprise,NA,NA,NA,0.35964912280701755,NA,0.6228070175438597,0.017543859649122806
MF0004,0007,anger,0.4536082474226804,0.3402061855670103,0.041237113402061855,NA,0.10309278350515463,0.05154639175257732,0.010309278350515464
MF0004,0007,disgust,0.022988505747126436,0.8850574712643678,0.011494252873563218,NA,0.06896551724137931,0.011494252873563218,NA
MF0004,0007,fear,0.15730337078651685,0.1348314606741573,0.0898876404494382,NA,0.3146067415730337,0.11235955056179775,0.19101123595505617
MF0004,0007,happiness,NA,NA,NA,1,NA,NA,NA
MF0004,0007,sadness,0.11627906976744186,0.22093023255813954,0.08139534883720931,NA,0.4418604651162791,0.03488372093023256,0.10465116279069768
MF0004,0007,surprise,NA,0.02631578947368421,0.10526315789473684,0.05263157894736842,0.008771929824561403,0.7543859649122807,0.05263157894736842
MF0004,0008,anger,0.38144329896907214,0.020618556701030927,0.030927835051546393,0.030927835051546393,0.18556701030927836,0.061855670103092786,0.28865979381443296
MF0004,0008,disgust,0.21839080459770116,0.5057471264367817,0.022988505747126436,0.034482758620689655,0.12643678160919541,0.011494252873563218,0.08045977011494253
MF0004,0008,fear,0.14606741573033707,0.011235955056179775,0.056179775280898875,0.02247191011235955,0.2247191011235955,0.033707865168539325,0.5056179775280899
MF0004,0008,happiness,0.010309278350515464,NA,0.010309278350515464,0.9278350515463918,0.010309278350515464,0.010309278350515464,0.030927835051546393
MF0004,0008,sadness,0.05813953488372093,0.011627906976744186,0.06976744186046512,0.19767441860465115,0.3953488372093023,0.046511627906976744,0.22093023255813954
MF0004,0008,surprise,0.008771929824561403,0.03508771929824561,NA,0.631578947368421,0.008771929824561403,0.20175438596491227,0.11403508771929824
MF0004,0009,anger,0.5670103092783505,0.061855670103092786,0.041237113402061855,NA,0.1134020618556701,0.061855670103092786,0.15463917525773196
MF0004,0009,disgust,0.04597701149425287,0.3793103448275862,0.1839080459770115,NA,0.3448275862068966,0.04597701149425287,NA
MF0004,0009,fear,0.1797752808988764,0.0898876404494382,0.25842696629213485,NA,0.10112359550561797,0.3258426966292135,0.0449438202247191
MF0004,0009,happiness,NA,NA,NA,0.9896907216494846,NA,NA,0.010309278350515464
MF0004,0009,sadness,0.08139534883720931,0.09302325581395349,0.13953488372093023,NA,0.5465116279069767,0.06976744186046512,0.06976744186046512
MF0004,0009,surprise,NA,0.02631578947368421,0.07017543859649122,0.06140350877192982,NA,0.8333333333333334,0.008771929824561403
MF0004,0010,anger,0.32989690721649484,0.23711340206185566,0.061855670103092786,NA,0.07216494845360824,0.2268041237113402,0.07216494845360824
MF0004,0010,disgust,0.05747126436781609,0.45977011494252873,0.10344827586206896,NA,0.3448275862068966,0.034482758620689655,NA
MF0004,0010,fear,0.056179775280898875,0.056179775280898875,0.25842696629213485,0.02247191011235955,0.20224719101123595,0.15730337078651685,0.24719101123595505
MF0004,0010,happiness,NA,0.010309278350515464,0.010309278350515464,0.9381443298969072,NA,0.010309278350515464,0.030927835051546393
MF0004,0010,sadness,0.023255813953488372,0.1511627906976744,0.03488372093023256,NA,0.6976744186046512,0.023255813953488372,0.06976744186046512
MF0004,0010,surprise,0.02631578947368421,0.008771929824561403,0.008771929824561403,0.008771929824561403,0.008771929824561403,0.9122807017543859,0.02631578947368421
MF0005,0001,anger,0.31958762886597936,0.17525773195876287,0.030927835051546393,NA,0.21649484536082475,0.030927835051546393,0.2268041237113402
MF0005,0001,disgust,0.06896551724137931,0.3103448275862069,0.04597701149425287,0.011494252873563218,0.25287356321839083,0.09195402298850575,0.21839080459770116
MF0005,0001,fear,0.0449438202247191,0.056179775280898875,0.14606741573033707,0.056179775280898875,0.07865168539325842,0.4606741573033708,0.15730337078651685
MF0005,0001,happiness,NA,NA,NA,0.8762886597938144,0.010309278350515464,NA,0.1134020618556701
MF0005,0001,sadness,0.3023255813953488,0.13953488372093023,NA,NA,0.38372093023255816,0.011627906976744186,0.16279069767441862
MF0005,0001,surprise,0.008771929824561403,0.008771929824561403,NA,0.02631578947368421,NA,0.9473684210526315,0.008771929824561403
MF0005,0002,anger,0.6494845360824743,0.14432989690721648,0.020618556701030927,NA,0.08247422680412371,0.09278350515463918,0.010309278350515464
MF0005,0002,disgust,0.09195402298850575,0.5862068965517241,0.022988505747126436,0.05747126436781609,0.06896551724137931,0.12643678160919541,0.04597701149425287
MF0005,0002,fear,0.011235955056179775,NA,0.11235955056179775,0.011235955056179775,0.011235955056179775,0.8202247191011236,0.033707865168539325
MF0005,0002,happiness,NA,0.010309278350515464,NA,0.9484536082474226,NA,NA,0.041237113402061855
MF0005,0002,sadness,0.023255813953488372,0.13953488372093023,0.05813953488372093,0.023255813953488372,0.6511627906976745,0.046511627906976744,0.05813953488372093
MF0005,0002,surprise,NA,0.008771929824561403,0.07894736842105263,0.008771929824561403,0.008771929824561403,0.868421052631579,0.02631578947368421
MF0005,0003,anger,0.5463917525773195,0.13402061855670103,0.020618556701030927,0.010309278350515464,0.10309278350515463,0.041237113402061855,0.14432989690721648
MF0005,0003,disgust,0.011494252873563218,0.5172413793103449,0.022988505747126436,0.22988505747126436,0.022988505747126436,0.06896551724137931,0.12643678160919541
MF0005,0003,fear,0.011235955056179775,0.011235955056179775,0.06741573033707865,0.0449438202247191,0.07865168539325842,0.449438202247191,0.33707865168539325
MF0005,0003,happiness,NA,NA,NA,0.9896907216494846,NA,NA,0.010309278350515464
MF0005,0003,sadness,0.06976744186046512,0.12790697674418605,0.023255813953488372,0.011627906976744186,0.3953488372093023,0.05813953488372093,0.313953488372093
MF0005,0003,surprise,NA,NA,0.017543859649122806,0.17543859649122806,0.008771929824561403,0.7807017543859649,0.017543859649122806
MF0005,0004,anger,0.27835051546391754,0.07216494845360824,0.020618556701030927,0.030927835051546393,0.1958762886597938,0.020618556701030927,0.38144329896907214
MF0005,0004,disgust,0.034482758620689655,0.6436781609195402,NA,0.16091954022988506,0.011494252873563218,0.022988505747126436,0.12643678160919541
MF0005,0004,fear,0.056179775280898875,0.011235955056179775,0.19101123595505617,0.0449438202247191,0.02247191011235955,0.5280898876404494,0.14606741573033707
MF0005,0004,happiness,NA,NA,0.010309278350515464,0.9690721649484536,NA,0.010309278350515464,0.010309278350515464
MF0005,0004,sadness,0.09302325581395349,0.05813953488372093,NA,0.023255813953488372,0.3372093023255814,0.023255813953488372,0.46511627906976744
MF0005,0004,surprise,0.008771929824561403,0.017543859649122806,0.12280701754385964,0.07894736842105263,0.043859649122807015,0.43859649122807015,0.2894736842105263
MF0005,0005,anger,0.3917525773195876,0.061855670103092786,0.05154639175257732,0.010309278350515464,0.26804123711340205,0.020618556701030927,0.1958762886597938
MF0005,0005,disgust,0.022988505747126436,0.5632183908045977,0.08045977011494253,0.022988505747126436,0.25287356321839083,0.034482758620689655,0.022988505747126436
MF0005,0005,fear,0.011235955056179775,0.02247191011235955,0.23595505617977527,NA,0.011235955056179775,0.7191011235955056,NA
MF0005,0005,happiness,NA,NA,NA,0.9690721649484536,0.010309278350515464,NA,0.020618556701030927
MF0005,0005,sadness,0.011627906976744186,0.19767441860465115,0.10465116279069768,0.05813953488372093,0.45348837209302323,0.023255813953488372,0.1511627906976744
MF0005,0005,surprise,0.008771929824561403,0.008771929824561403,0.008771929824561403,0.5614035087719298,NA,0.40350877192982454,0.008771929824561403
MF0005,0006,anger,0.32989690721649484,0.29896907216494845,0.07216494845360824,0.010309278350515464,0.10309278350515463,0.08247422680412371,0.10309278350515463
MF0005,0006,disgust,NA,0.09195402298850575,NA,0.8505747126436781,NA,0.034482758620689655,0.022988505747126436
MF0005,0006,fear,NA,0.011235955056179775,0.19101123595505617,NA,NA,0.797752808988764,NA
MF0005,0006,happiness,NA,NA,NA,0.979381443298969,NA,0.020618556701030927,NA
MF0005,0006,sadness,0.046511627906976744,0.09302325581395349,0.06976744186046512,0.023255813953488372,0.4418604651162791,0.03488372093023256,0.29069767441860467
MF0005,0006,surprise,NA,NA,0.017543859649122806,0.3508771929824561,NA,0.631578947368421,NA
MF0005,0007,anger,0.5257731958762887,0.10309278350515463,0.061855670103092786,0.010309278350515464,0.10309278350515463,0.041237113402061855,0.15463917525773196
MF0005,0007,disgust,0.06896551724137931,0.7011494252873564,0.04597701149425287,NA,0.1724137931034483,0.011494252873563218,NA
MF0005,0007,fear,NA,0.011235955056179775,0.2696629213483146,0.011235955056179775,0.011235955056179775,0.6853932584269663,0.011235955056179775
MF0005,0007,happiness,NA,NA,NA,0.979381443298969,NA,0.010309278350515464,0.010309278350515464
MF0005,0007,sadness,0.09302325581395349,0.03488372093023256,0.3488372093023256,NA,0.1744186046511628,0.20930232558139536,0.13953488372093023
MF0005,0007,surprise,0.017543859649122806,0.008771929824561403,0.2543859649122807,NA,0.017543859649122806,0.6929824561403509,0.008771929824561403
MF0005,0008,anger,0.3402061855670103,0.17525773195876287,0.17525773195876287,0.010309278350515464,0.07216494845360824,0.18556701030927836,0.041237113402061855
MF0005,0008,disgust,0.034482758620689655,0.632183908045977,0.13793103448275862,0.011494252873563218,0.14942528735632185,0.022988505747126436,0.011494252873563218
MF0005,0008,fear,0.011235955056179775,0.033707865168539325,0.29213483146067415,NA,0.011235955056179775,0.651685393258427,NA
MF0005,0008,happiness,NA,NA,NA,1,NA,NA,NA
MF0005,0008,sadness,0.1511627906976744,0.046511627906976744,0.19767441860465115,0.011627906976744186,0.47674418604651164,0.023255813953488372,0.09302325581395349
MF0005,0008,surprise,0.02631578947368421,NA,0.30701754385964913,NA,0.017543859649122806,0.6491228070175439,NA
MF0005,0009,anger,0.38144329896907214,0.030927835051546393,0.020618556701030927,0.010309278350515464,0.15463917525773196,0.020618556701030927,0.38144329896907214
MF0005,0009,disgust,0.05747126436781609,0.5287356321839081,0.06896551724137931,0.011494252873563218,0.21839080459770116,0.034482758620689655,0.08045977011494253
MF0005,0009,fear,0.011235955056179775,0.0449438202247191,0.0449438202247191,0.033707865168539325,NA,0.8539325842696629,0.011235955056179775
MF0005,0009,happiness,NA,0.020618556701030927,NA,0.8247422680412371,NA,0.030927835051546393,0.12371134020618557
MF0005,0009,sadness,0.3023255813953488,0.13953488372093023,0.011627906976744186,0.023255813953488372,0.313953488372093,0.011627906976744186,0.19767441860465115
MF0005,0009,surprise,0.017543859649122806,0.008771929824561403,0.02631578947368421,0.11403508771929824,0.017543859649122806,0.7543859649122807,0.06140350877192982
MF0005,0010,anger,0.27835051546391754,0.061855670103092786,0.08247422680412371,0.030927835051546393,0.21649484536082475,0.030927835051546393,0.29896907216494845
MF0005,0010,disgust,0.04597701149425287,0.2413793103448276,0.034482758620689655,0.41379310344827586,0.05747126436781609,0.011494252873563218,0.19540229885057472
MF0005,0010,fear,NA,NA,0.19101123595505617,0.033707865168539325,NA,0.7640449438202247,0.011235955056179775
MF0005,0010,happiness,NA,NA,NA,0.979381443298969,NA,0.010309278350515464,0.010309278350515464
MF0005,0010,sadness,0.08139534883720931,0.18604651162790697,0.023255813953488372,0.046511627906976744,0.23255813953488372,0.023255813953488372,0.4069767441860465
MF0005,0010,surprise,NA,NA,NA,0.3508771929824561,0.008771929824561403,0.6403508771929824,NA
MF0006,0001,anger,0.9381443298969072,0.041237113402061855,0.010309278350515464,NA,NA,0.010309278350515464,NA
MF0006,0001,disgust,0.42528735632183906,0.4942528735632184,0.022988505747126436,0.011494252873563218,0.011494252873563218,0.022988505747126436,0.011494252873563218
MF0006,0002,anger,0.1958762886597938,0.15463917525773196,0.041237113402061855,NA,0.3402061855670103,NA,0.26804123711340205
MF0006,0002,disgust,0.16091954022988506,0.22988505747126436,0.011494252873563218,0.011494252873563218,0.4827586206896552,0.022988505747126436,0.08045977011494253
MF0006,0002,fear,0.11235955056179775,0.0449438202247191,0.0449438202247191,NA,0.38202247191011235,0.02247191011235955,0.39325842696629215
MF0006,0002,happiness,NA,0.010309278350515464,0.010309278350515464,0.8969072164948454,0.020618556701030927,0.020618556701030927,0.041237113402061855
MF0006,0002,sadness,0.13953488372093023,0.06976744186046512,0.011627906976744186,0.011627906976744186,0.3023255813953488,NA,0.46511627906976744
MF0006,0002,surprise,0.09649122807017543,0.043859649122807015,0.03508771929824561,0.008771929824561403,0.42105263157894735,0.008771929824561403,0.38596491228070173
MF0006,0003,anger,0.030927835051546393,0.020618556701030927,0.020618556701030927,0.010309278350515464,0.4329896907216495,0.030927835051546393,0.4536082474226804
MF0006,0003,disgust,0.022988505747126436,0.034482758620689655,0.05747126436781609,0.3333333333333333,0.21839080459770116,NA,0.3333333333333333
MF0006,0003,fear,0.033707865168539325,0.02247191011235955,0.10112359550561797,0.056179775280898875,0.21348314606741572,0.07865168539325842,0.4943820224719101
MF0006,0003,happiness,NA,NA,NA,0.9896907216494846,NA,0.010309278350515464,NA
MF0006,0003,sadness,0.08139534883720931,0.023255813953488372,0.023255813953488372,0.023255813953488372,0.5232558139534884,NA,0.32558139534883723
MF0006,0003,surprise,0.008771929824561403,0.008771929824561403,0.10526315789473684,NA,0.017543859649122806,0.8245614035087719,0.03508771929824561
MF0006,0004,anger,0.31958762886597936,0.07216494845360824,0.010309278350515464,NA,0.422680412371134,0.020618556701030927,0.15463917525773196
MF0006,0004,disgust,0.10344827586206896,0.5057471264367817,0.034482758620689655,0.034482758620689655,0.19540229885057472,0.034482758620689655,0.09195402298850575
MF0006,0004,fear,0.20224719101123595,0.0449438202247191,0.06741573033707865,0.011235955056179775,0.3146067415730337,0.0898876404494382,0.2696629213483146
MF0006,0004,happiness,NA,NA,NA,0.9896907216494846,NA,NA,0.010309278350515464
MF0006,0004,sadness,0.19767441860465115,0.046511627906976744,0.011627906976744186,NA,0.5930232558139535,0.011627906976744186,0.13953488372093023
MF0006,0004,surprise,0.06140350877192982,0.07017543859649122,0.14035087719298245,0.017543859649122806,0.06140350877192982,0.5087719298245614,0.14035087719298245
MF0006,0005,anger,0.17525773195876287,0.18556701030927836,0.07216494845360824,0.030927835051546393,0.23711340206185566,0.020618556701030927,0.27835051546391754
MF0006,0005,disgust,0.06896551724137931,0.5632183908045977,0.10344827586206896,NA,0.1724137931034483,0.08045977011494253,0.011494252873563218
MF0006,0005,fear,0.1348314606741573,0.033707865168539325,0.1797752808988764,0.02247191011235955,0.12359550561797752,0.2247191011235955,0.2808988764044944
MF0006,0005,happiness,NA,0.010309278350515464,NA,0.9690721649484536,NA,0.020618556701030927,NA
MF0006,0005,sadness,0.08139534883720931,0.046511627906976744,0.12790697674418605,0.023255813953488372,0.2441860465116279,0.09302325581395349,0.38372093023255816
MF0006,0005,surprise,0.008771929824561403,NA,0.008771929824561403,0.9298245614035088,0.008771929824561403,0.043859649122807015,NA
MF0006,0006,anger,0.030927835051546393,0.13402061855670103,0.041237113402061855,0.26804123711340205,0.12371134020618557,0.030927835051546393,0.3711340206185567
MF0006,0006,disgust,0.022988505747126436,0.5287356321839081,0.16091954022988506,0.034482758620689655,0.09195402298850575,0.022988505747126436,0.13793103448275862
MF0006,0006,fear,0.011235955056179775,0.011235955056179775,0.24719101123595505,0.1797752808988764,0.02247191011235955,0.33707865168539325,0.19101123595505617
MF0006,0006,happiness,NA,NA,NA,0.9175257731958762,NA,0.030927835051546393,0.05154639175257732
MF0006,0006,sadness,0.011627906976744186,0.05813953488372093,0.011627906976744186,0.4418604651162791,0.09302325581395349,0.05813953488372093,0.32558139534883723
MF0006,0006,surprise,0.008771929824561403,0.017543859649122806,0.09649122807017543,0.38596491228070173,0.02631578947368421,0.2631578947368421,0.20175438596491227
MF0006,0007,anger,0.5257731958762887,0.15463917525773196,0.020618556701030927,0.010309278350515464,0.07216494845360824,0.18556701030927836,0.030927835051546393
MF0006,0007,disgust,0.3448275862068966,0.5632183908045977,0.011494252873563218,NA,NA,0.034482758620689655,0.04597701149425287
MF0006,0007,fear,0.011235955056179775,0.0449438202247191,0.30337078651685395,0.011235955056179775,0.011235955056179775,0.5842696629213483,0.033707865168539325
MF0006,0007,happiness,NA,NA,NA,0.9896907216494846,NA,0.010309278350515464,NA
MF0006,0007,sadness,0.023255813953488372,0.046511627906976744,0.06976744186046512,0.011627906976744186,0.7325581395348837,0.09302325581395349,0.023255813953488372
MF0006,0007,surprise,NA,0.008771929824561403,0.043859649122807015,0.043859649122807015,0.008771929824561403,0.8947368421052632,NA
MF0006,0008,anger,0.4845360824742268,0.05154639175257732,0.010309278350515464,0.020618556701030927,0.17525773195876287,0.020618556701030927,0.23711340206185566
MF0006,0008,disgust,0.28735632183908044,0.09195402298850575,0.011494252873563218,0.08045977011494253,0.1724137931034483,0.05747126436781609,0.2988505747126437
MF0006,0008,fear,0.4044943820224719,0.011235955056179775,0.02247191011235955,0.011235955056179775,0.24719101123595505,0.011235955056179775,0.29213483146067415
MF0006,0008,happiness,NA,0.010309278350515464,0.010309278350515464,0.9587628865979382,NA,NA,0.020618556701030927
MF0006,0008,sadness,0.19767441860465115,0.05813953488372093,0.03488372093023256,0.023255813953488372,0.37209302325581395,0.046511627906976744,0.26744186046511625
MF0006,0008,surprise,0.2894736842105263,0.06140350877192982,0.043859649122807015,0.10526315789473684,0.13157894736842105,0.008771929824561403,0.35964912280701755
MF0006,0009,anger,0.041237113402061855,0.041237113402061855,0.030927835051546393,0.38144329896907214,0.23711340206185566,0.030927835051546393,0.23711340206185566
MF0006,0009,disgust,0.011494252873563218,0.05747126436781609,0.034482758620689655,0.3218390804597701,0.3563218390804598,0.011494252873563218,0.20689655172413793
MF0006,0009,fear,0.011235955056179775,0.06741573033707865,0.0449438202247191,0.21348314606741572,0.2696629213483146,NA,0.39325842696629215
MF0006,0009,happiness,NA,NA,0.010309278350515464,0.979381443298969,NA,0.010309278350515464,NA
MF0006,0009,sadness,0.03488372093023256,0.046511627906976744,NA,0.13953488372093023,0.4418604651162791,0.011627906976744186,0.32558139534883723
MF0006,0009,surprise,0.02631578947368421,0.03508771929824561,0.09649122807017543,0.16666666666666666,0.21929824561403508,0.14912280701754385,0.30701754385964913
MF0006,0010,anger,0.7216494845360825,0.020618556701030927,0.030927835051546393,0.030927835051546393,0.14432989690721648,0.020618556701030927,0.030927835051546393
MF0006,0010,disgust,0.2413793103448276,0.4367816091954023,0.011494252873563218,0.11494252873563218,0.034482758620689655,0.011494252873563218,0.14942528735632185
MF0006,0010,fear,0.29213483146067415,0.07865168539325842,0.056179775280898875,0.033707865168539325,0.1797752808988764,0.011235955056179775,0.34831460674157305
MF0006,0010,happiness,NA,NA,NA,0.979381443298969,NA,0.020618556701030927,NA
MF0006,0010,sadness,0.47674418604651164,0.046511627906976744,0.023255813953488372,NA,0.26744186046511625,0.011627906976744186,0.1744186046511628
MF0006,0010,surprise,NA,0.043859649122807015,0.03508771929824561,0.043859649122807015,0.017543859649122806,0.7456140350877193,0.11403508771929824
MF0006,0011,anger,0.041237113402061855,0.041237113402061855,0.23711340206185566,NA,NA,0.6701030927835051,0.010309278350515464
MF0006,0011,disgust,0.06896551724137931,0.25287356321839083,0.19540229885057472,0.011494252873563218,0.06896551724137931,0.3333333333333333,0.06896551724137931
MF0006,0011,fear,NA,0.011235955056179775,0.11235955056179775,0.02247191011235955,0.02247191011235955,0.8202247191011236,0.011235955056179775
MF0006,0011,happiness,NA,0.010309278350515464,0.010309278350515464,0.979381443298969,NA,NA,NA
MF0006,0011,sadness,0.05813953488372093,0.05813953488372093,0.13953488372093023,NA,0.46511627906976744,0.03488372093023256,0.2441860465116279
MF0006,0011,surprise,NA,0.008771929824561403,0.043859649122807015,NA,0.017543859649122806,0.8947368421052632,0.03508771929824561
MF0006,0012,anger,0.10309278350515463,0.041237113402061855,0.020618556701030927,0.10309278350515463,0.13402061855670103,0.010309278350515464,0.5876288659793815
MF0006,0012,disgust,NA,0.42528735632183906,0.08045977011494253,0.1839080459770115,0.10344827586206896,0.12643678160919541,0.08045977011494253
MF0006,0012,fear,0.06741573033707865,0.0449438202247191,NA,0.06741573033707865,0.1797752808988764,0.011235955056179775,0.6292134831460674
MF0006,0012,happiness,NA,NA,NA,0.979381443298969,NA,0.010309278350515464,0.010309278350515464
MF0006,0012,sadness,0.06976744186046512,0.05813953488372093,NA,0.011627906976744186,0.18604651162790697,NA,0.6744186046511628
MF0006,0012,surprise,NA,NA,NA,0.8245614035087719,NA,0.07894736842105263,0.09649122807017543
MF0006,0013,anger,0.1134020618556701,0.07216494845360824,0.010309278350515464,0.24742268041237114,0.1134020618556701,0.020618556701030927,0.422680412371134
MF0006,0013,disgust,0.05747126436781609,0.1839080459770115,0.05747126436781609,0.27586206896551724,0.04597701149425287,0.25287356321839083,0.12643678160919541
MF0006,0013,fear,0.14606741573033707,0.0449438202247191,0.033707865168539325,0.0898876404494382,0.12359550561797752,0.0449438202247191,0.5168539325842697
MF0006,0013,happiness,NA,NA,0.010309278350515464,0.979381443298969,NA,0.010309278350515464,NA
MF0006,0013,sadness,0.05813953488372093,0.03488372093023256,0.023255813953488372,0.3372093023255814,0.046511627906976744,0.023255813953488372,0.47674418604651164
MF0006,0013,surprise,0.017543859649122806,0.043859649122807015,0.017543859649122806,0.5263157894736842,NA,0.12280701754385964,0.2719298245614035
MF0007,0002,anger,0.30927835051546393,0.061855670103092786,0.15463917525773196,0.020618556701030927,0.31958762886597936,0.041237113402061855,0.09278350515463918
MF0007,0002,disgust,0.011494252873563218,0.4827586206896552,0.3333333333333333,0.011494252873563218,0.09195402298850575,0.05747126436781609,0.011494252873563218
MF0007,0002,fear,0.033707865168539325,0.011235955056179775,0.2808988764044944,0.0449438202247191,0.056179775280898875,0.47191011235955055,0.10112359550561797
MF0007,0002,sadness,0.12790697674418605,0.023255813953488372,0.18604651162790697,0.011627906976744186,0.3023255813953488,0.011627906976744186,0.3372093023255814
MF0007,0002,surprise,NA,NA,0.008771929824561403,0.7543859649122807,NA,0.23684210526315788,NA
MF0007,0003,anger,0.06140350877192982,0.19298245614035087,0.02631578947368421,0.3684210526315789,0.07017543859649122,0.11403508771929824,0.16666666666666666
MF0007,0003,disgust,NA,0.09278350515463918,0.030927835051546393,0.8041237113402062,0.041237113402061855,0.020618556701030927,0.010309278350515464
MF0007,0003,fear,NA,0.05747126436781609,0.09195402298850575,0.27586206896551724,0.22988505747126436,0.05747126436781609,0.28735632183908044
MF0007,0003,happiness,NA,NA,NA,0.9887640449438202,NA,0.011235955056179775,NA
MF0007,0003,sadness,0.010309278350515464,0.061855670103092786,0.020618556701030927,0.6185567010309279,0.09278350515463918,0.061855670103092786,0.13402061855670103
MF0007,0003,surprise,NA,NA,0.011627906976744186,0.32558139534883723,0.023255813953488372,0.6162790697674418,0.023255813953488372
MF0007,0005,anger,0.19298245614035087,0.17543859649122806,0.06140350877192982,0.03508771929824561,0.19298245614035087,0.07894736842105263,0.2631578947368421
MF0007,0005,disgust,NA,0.030927835051546393,NA,0.865979381443299,NA,0.010309278350515464,0.09278350515463918
MF0007,0005,fear,NA,NA,0.011494252873563218,0.5747126436781609,0.04597701149425287,0.26436781609195403,0.10344827586206896
MF0007,0005,happiness,NA,NA,NA,0.9887640449438202,0.011235955056179775,NA,NA
MF0007,0005,sadness,0.09278350515463918,0.05154639175257732,0.08247422680412371,0.020618556701030927,0.17525773195876287,0.17525773195876287,0.4020618556701031
MF0007,0005,surprise,NA,0.023255813953488372,0.011627906976744186,0.1511627906976744,NA,0.7674418604651163,0.046511627906976744
MF0007,0008,anger,0.2807017543859649,0.10526315789473684,0.02631578947368421,0.008771929824561403,0.14035087719298245,0.22807017543859648,0.21052631578947367
MF0007,0008,disgust,0.061855670103092786,0.6597938144329897,0.030927835051546393,NA,0.20618556701030927,0.030927835051546393,0.010309278350515464
MF0007,0008,fear,NA,NA,NA,0.011494252873563218,NA,0.9885057471264368,NA
MF0007,0008,happiness,NA,NA,NA,0.9775280898876404,NA,0.011235955056179775,0.011235955056179775
MF0007,0008,sadness,0.061855670103092786,0.041237113402061855,0.041237113402061855,0.020618556701030927,0.32989690721649484,0.020618556701030927,0.4845360824742268
MF0007,0008,surprise,NA,NA,NA,0.6744186046511628,NA,0.32558139534883723,NA
MF0008,0002,anger,0.03508771929824561,0.02631578947368421,0.043859649122807015,0.34210526315789475,0.10526315789473684,0.043859649122807015,0.40350877192982454
MF0008,0002,disgust,0.061855670103092786,0.36082474226804123,NA,NA,0.4948453608247423,0.041237113402061855,0.041237113402061855
MF0008,0002,fear,NA,0.011494252873563218,0.022988505747126436,0.022988505747126436,0.011494252873563218,0.8850574712643678,0.04597701149425287
MF0008,0002,happiness,NA,NA,NA,0.9887640449438202,NA,0.011235955056179775,NA
MF0008,0002,sadness,0.05154639175257732,0.061855670103092786,0.041237113402061855,NA,0.7010309278350515,0.020618556701030927,0.12371134020618557
MF0008,0002,surprise,NA,0.03488372093023256,0.011627906976744186,0.046511627906976744,0.023255813953488372,0.872093023255814,0.011627906976744186
MF0008,0004,anger,0.47368421052631576,0.07894736842105263,0.03508771929824561,0.017543859649122806,0.08771929824561403,0.12280701754385964,0.18421052631578946
MF0008,0004,disgust,0.061855670103092786,0.5876288659793815,NA,0.25773195876288657,0.030927835051546393,0.030927835051546393,0.030927835051546393
MF0008,0004,fear,0.022988505747126436,0.011494252873563218,0.05747126436781609,0.05747126436781609,0.04597701149425287,0.4827586206896552,0.3218390804597701
MF0008,0004,happiness,0.011235955056179775,NA,NA,0.9887640449438202,NA,NA,NA
MF0008,0004,sadness,0.030927835051546393,0.08247422680412371,0.030927835051546393,0.09278350515463918,0.14432989690721648,0.020618556701030927,0.5979381443298969
MF0008,0004,surprise,NA,NA,NA,0.813953488372093,NA,0.18604651162790697,NA
MF0008,0005,anger,0.08771929824561403,0.18421052631578946,0.043859649122807015,0.11403508771929824,0.16666666666666666,0.08771929824561403,0.3157894736842105
MF0008,0005,disgust,0.020618556701030927,0.35051546391752575,0.13402061855670103,0.07216494845360824,0.15463917525773196,0.15463917525773196,0.1134020618556701
MF0008,0005,fear,NA,0.034482758620689655,0.16091954022988506,0.22988505747126436,0.06896551724137931,0.2988505747126437,0.20689655172413793
MF0008,0005,happiness,0.011235955056179775,NA,NA,0.9662921348314607,0.011235955056179775,NA,0.011235955056179775
MF0008,0005,sadness,0.05154639175257732,0.10309278350515463,0.08247422680412371,0.08247422680412371,0.36082474226804123,0.061855670103092786,0.25773195876288657
MF0008,0005,surprise,0.023255813953488372,0.011627906976744186,0.10465116279069768,0.09302325581395349,0.09302325581395349,0.29069767441860467,0.38372093023255816
MF0008,0006,anger,0.02631578947368421,0.16666666666666666,0.02631578947368421,0.45614035087719296,0.043859649122807015,0.13157894736842105,0.14912280701754385
MF0008,0006,disgust,0.041237113402061855,0.44329896907216493,0.061855670103092786,0.30927835051546393,0.030927835051546393,0.061855670103092786,0.05154639175257732
MF0008,0006,fear,0.022988505747126436,0.04597701149425287,0.09195402298850575,0.19540229885057472,0.13793103448275862,0.05747126436781609,0.4482758620689655
MF0008,0006,happiness,NA,0.011235955056179775,NA,0.9775280898876404,NA,0.011235955056179775,NA
MF0008,0006,sadness,0.05154639175257732,0.13402061855670103,0.07216494845360824,0.1134020618556701,0.17525773195876287,0.061855670103092786,0.3917525773195876
MF0008,0006,surprise,NA,NA,NA,0.9651162790697675,0.011627906976744186,0.023255813953488372,NA
MF0008,0007,anger,0.2807017543859649,0.11403508771929824,0.10526315789473684,NA,0.2543859649122807,0.043859649122807015,0.20175438596491227
MF0008,0007,disgust,0.10309278350515463,0.4020618556701031,0.1134020618556701,0.010309278350515464,0.24742268041237114,0.05154639175257732,0.07216494845360824
MF0008,0007,fear,0.034482758620689655,0.04597701149425287,0.1839080459770115,0.022988505747126436,0.14942528735632185,0.3333333333333333,0.22988505747126436
MF0008,0007,happiness,NA,NA,NA,0.9775280898876404,0.011235955056179775,0.011235955056179775,NA
MF0008,0007,sadness,0.09278350515463918,0.041237113402061855,0.08247422680412371,NA,0.5154639175257731,0.030927835051546393,0.23711340206185566
MF0008,0007,surprise,0.011627906976744186,0.011627906976744186,0.03488372093023256,0.011627906976744186,0.023255813953488372,0.872093023255814,0.03488372093023256
MF0008,0008,anger,0.41228070175438597,0.11403508771929824,NA,0.017543859649122806,0.37719298245614036,0.008771929824561403,0.07017543859649122
MF0008,0008,disgust,0.26804123711340205,0.44329896907216493,0.030927835051546393,NA,0.16494845360824742,0.041237113402061855,0.05154639175257732
MF0008,0008,fear,0.12643678160919541,0.22988505747126436,0.04597701149425287,0.022988505747126436,0.27586206896551724,0.08045977011494253,0.21839080459770116
MF0008,0008,happiness,NA,0.10112359550561797,NA,0.8314606741573034,0.02247191011235955,NA,0.0449438202247191
MF0008,0008,sadness,0.21649484536082475,0.13402061855670103,0.030927835051546393,0.020618556701030927,0.26804123711340205,0.020618556701030927,0.30927835051546393
MF0008,0008,surprise,0.03488372093023256,0.5232558139534884,NA,0.313953488372093,0.05813953488372093,0.011627906976744186,0.05813953488372093
MF0008,0009,anger,0.02631578947368421,0.03508771929824561,0.017543859649122806,0.30701754385964913,0.18421052631578946,0.017543859649122806,0.41228070175438597
MF0008,0009,disgust,0.030927835051546393,0.061855670103092786,0.05154639175257732,0.25773195876288657,0.05154639175257732,0.1134020618556701,0.4329896907216495
MF0008,0009,fear,0.034482758620689655,0.011494252873563218,0.011494252873563218,0.7586206896551724,0.022988505747126436,0.011494252873563218,0.14942528735632185
MF0008,0009,happiness,NA,NA,NA,1,NA,NA,NA
MF0008,0009,sadness,0.020618556701030927,0.061855670103092786,0.010309278350515464,0.10309278350515463,0.23711340206185566,0.020618556701030927,0.5463917525773195
MF0008,0009,surprise,NA,NA,NA,1,NA,NA,NA
MF0008,0010,anger,0.13157894736842105,0.02631578947368421,0.02631578947368421,0.043859649122807015,0.2807017543859649,0.02631578947368421,0.4649122807017544
MF0008,0010,disgust,0.3917525773195876,0.09278350515463918,0.030927835051546393,0.020618556701030927,0.20618556701030927,0.020618556701030927,0.23711340206185566
MF0008,0010,fear,0.11494252873563218,0.034482758620689655,0.034482758620689655,0.034482758620689655,0.3333333333333333,0.034482758620689655,0.41379310344827586
MF0008,0010,happiness,0.011235955056179775,NA,NA,0.9775280898876404,NA,NA,0.011235955056179775
MF0008,0010,sadness,0.2268041237113402,0.05154639175257732,0.030927835051546393,0.010309278350515464,0.31958762886597936,0.010309278350515464,0.35051546391752575
MF0008,0010,surprise,NA,NA,NA,0.9883720930232558,0.011627906976744186,NA,NA
MF0008,0011,anger,0.043859649122807015,0.008771929824561403,0.05263157894736842,0.07017543859649122,0.3157894736842105,0.043859649122807015,0.4649122807017544
MF0008,0011,disgust,0.07216494845360824,0.08247422680412371,0.05154639175257732,0.020618556701030927,0.38144329896907214,0.020618556701030927,0.3711340206185567
MF0008,0011,fear,0.022988505747126436,0.022988505747126436,0.08045977011494253,0.06896551724137931,0.3448275862068966,NA,0.45977011494252873
MF0008,0011,happiness,NA,NA,NA,0.9775280898876404,NA,0.02247191011235955,NA
MF0008,0011,sadness,0.020618556701030927,0.010309278350515464,0.030927835051546393,0.041237113402061855,0.28865979381443296,0.041237113402061855,0.5670103092783505
MF0008,0011,surprise,NA,NA,0.08139534883720931,0.5697674418604651,0.023255813953488372,0.023255813953488372,0.3023255813953488
MF0008,0012,anger,0.03508771929824561,0.11403508771929824,0.21052631578947367,0.07017543859649122,0.21052631578947367,0.06140350877192982,0.2982456140350877
MF0008,0012,disgust,NA,0.061855670103092786,0.041237113402061855,0.7216494845360825,0.07216494845360824,NA,0.10309278350515463
MF0008,0012,fear,NA,0.011494252873563218,0.011494252873563218,0.5517241379310345,0.04597701149425287,0.1839080459770115,0.19540229885057472
MF0008,0012,happiness,NA,0.011235955056179775,0.011235955056179775,0.9550561797752809,NA,NA,0.02247191011235955
MF0008,0012,sadness,0.030927835051546393,0.041237113402061855,0.10309278350515463,0.030927835051546393,0.7010309278350515,0.020618556701030927,0.07216494845360824
MF0008,0012,surprise,NA,NA,NA,0.9418604651162791,NA,0.046511627906976744,0.011627906976744186
MF0010,0001,anger,0.24561403508771928,0.07894736842105263,0.043859649122807015,NA,0.3157894736842105,0.008771929824561403,0.30701754385964913
MF0010,0001,disgust,0.12371134020618557,0.5876288659793815,0.020618556701030927,0.08247422680412371,0.07216494845360824,0.020618556701030927,0.09278350515463918
MF0010,0001,fear,NA,NA,0.11494252873563218,0.022988505747126436,NA,0.8620689655172413,NA
MF0010,0001,happiness,NA,NA,NA,1,NA,NA,NA
MF0010,0001,sadness,0.17525773195876287,0.13402061855670103,0.030927835051546393,NA,0.3402061855670103,0.010309278350515464,0.30927835051546393
MF0010,0001,surprise,NA,NA,0.011627906976744186,0.09302325581395349,0.011627906976744186,0.8837209302325582,NA
MF0010,0002,anger,0.3684210526315789,0.23684210526315788,0.07894736842105263,0.008771929824561403,0.11403508771929824,0.14912280701754385,0.043859649122807015
MF0010,0002,disgust,0.061855670103092786,0.5257731958762887,0.05154639175257732,0.030927835051546393,0.15463917525773196,0.13402061855670103,0.041237113402061855
MF0010,0002,fear,0.05747126436781609,0.05747126436781609,0.3333333333333333,0.011494252873563218,0.28735632183908044,0.20689655172413793,0.04597701149425287
MF0010,0002,happiness,NA,NA,NA,0.9775280898876404,0.02247191011235955,NA,NA
MF0010,0002,sadness,0.1134020618556701,0.15463917525773196,0.16494845360824742,NA,0.4639175257731959,0.030927835051546393,0.07216494845360824
MF0010,0002,surprise,0.03488372093023256,NA,0.09302325581395349,0.011627906976744186,0.08139534883720931,0.6511627906976745,0.12790697674418605
MF0010,0003,anger,0.08771929824561403,0.08771929824561403,0.30701754385964913,0.043859649122807015,0.03508771929824561,0.32456140350877194,0.11403508771929824
MF0010,0003,disgust,0.030927835051546393,0.061855670103092786,0.5360824742268041,0.16494845360824742,0.020618556701030927,0.16494845360824742,0.020618556701030927
MF0010,0003,fear,0.034482758620689655,0.011494252873563218,0.27586206896551724,NA,NA,0.6781609195402298,NA
MF0010,0003,happiness,0.02247191011235955,NA,0.011235955056179775,0.8876404494382022,NA,NA,0.07865168539325842
MF0010,0003,sadness,0.05154639175257732,0.12371134020618557,0.38144329896907214,0.010309278350515464,0.041237113402061855,0.20618556701030927,0.18556701030927836
MF0010,0003,surprise,0.011627906976744186,0.046511627906976744,0.1511627906976744,0.10465116279069768,NA,0.6395348837209303,0.046511627906976744
MF0010,0004,anger,0.5614035087719298,0.07894736842105263,0.10526315789473684,NA,0.08771929824561403,0.06140350877192982,0.10526315789473684
MF0010,0004,disgust,0.35051546391752575,0.4948453608247423,0.010309278350515464,NA,0.09278350515463918,0.041237113402061855,0.010309278350515464
MF0010,0004,fear,0.06896551724137931,0.011494252873563218,0.2413793103448276,0.011494252873563218,NA,0.6551724137931034,0.011494252873563218
MF0010,0004,happiness,NA,NA,NA,0.9775280898876404,0.02247191011235955,NA,NA
MF0010,0004,sadness,0.10309278350515463,0.030927835051546393,0.08247422680412371,0.010309278350515464,0.25773195876288657,0.061855670103092786,0.4536082474226804
MF0010,0004,surprise,NA,NA,0.05813953488372093,NA,0.023255813953488372,0.9186046511627907,NA
MF0010,0005,anger,0.2982456140350877,0.11403508771929824,0.08771929824561403,0.017543859649122806,0.2631578947368421,0.043859649122807015,0.17543859649122806
MF0010,0005,disgust,0.1958762886597938,0.28865979381443296,0.09278350515463918,0.010309278350515464,0.27835051546391754,0.010309278350515464,0.12371134020618557
MF0010,0005,fear,0.022988505747126436,0.05747126436781609,0.10344827586206896,0.14942528735632185,0.1724137931034483,0.10344827586206896,0.39080459770114945
MF0010,0005,happiness,NA,0.011235955056179775,NA,0.9775280898876404,NA,NA,0.011235955056179775
MF0010,0005,sadness,0.061855670103092786,0.08247422680412371,0.14432989690721648,NA,0.4845360824742268,0.020618556701030927,0.20618556701030927
MF0010,0005,surprise,0.023255813953488372,NA,0.03488372093023256,0.37209302325581395,0.06976744186046512,0.18604651162790697,0.313953488372093
MF0010,0006,anger,0.6666666666666666,0.09649122807017543,0.03508771929824561,0.017543859649122806,0.13157894736842105,0.02631578947368421,0.02631578947368421
MF0010,0006,disgust,0.21649484536082475,0.4948453608247423,0.020618556701030927,0.010309278350515464,0.1958762886597938,0.020618556701030927,0.041237113402061855
MF0010,0006,fear,0.011494252873563218,0.04597701149425287,0.14942528735632185,NA,0.04597701149425287,0.6666666666666666,0.08045977011494253
MF0010,0006,happiness,NA,0.011235955056179775,NA,0.9662921348314607,NA,0.011235955056179775,0.011235955056179775
MF0010,0006,sadness,0.12371134020618557,0.041237113402061855,0.12371134020618557,0.020618556701030927,0.44329896907216493,0.010309278350515464,0.23711340206185566
MF0010,0006,surprise,0.05813953488372093,0.023255813953488372,0.11627906976744186,0.011627906976744186,0.05813953488372093,0.6511627906976745,0.08139534883720931
MF0010,0007,anger,0.5263157894736842,0.11403508771929824,0.02631578947368421,NA,0.19298245614035087,0.03508771929824561,0.10526315789473684
MF0010,0007,disgust,0.07216494845360824,0.6288659793814433,0.07216494845360824,NA,0.07216494845360824,0.09278350515463918,0.061855670103092786
MF0010,0007,fear,0.1724137931034483,0.2988505747126437,0.04597701149425287,0.011494252873563218,0.42528735632183906,NA,0.04597701149425287
MF0010,0007,happiness,NA,NA,0.011235955056179775,0.9550561797752809,0.011235955056179775,0.02247191011235955,NA
MF0010,0007,sadness,0.24742268041237114,0.18556701030927836,0.010309278350515464,NA,0.36082474226804123,0.010309278350515464,0.18556701030927836
MF0010,0007,surprise,0.08139534883720931,0.18604651162790697,0.10465116279069768,NA,0.16279069767441862,0.27906976744186046,0.18604651162790697
MF0010,0008,anger,0.6666666666666666,0.11403508771929824,0.017543859649122806,NA,0.06140350877192982,0.07894736842105263,0.06140350877192982
MF0010,0008,disgust,0.1958762886597938,0.4639175257731959,0.061855670103092786,NA,0.07216494845360824,0.16494845360824742,0.041237113402061855
MF0010,0008,fear,NA,0.034482758620689655,0.034482758620689655,0.1839080459770115,0.022988505747126436,0.5977011494252874,0.12643678160919541
MF0010,0008,happiness,NA,0.11235955056179775,NA,0.7640449438202247,0.011235955056179775,0.0449438202247191,0.06741573033707865
MF0010,0008,sadness,0.4948453608247423,0.16494845360824742,0.030927835051546393,NA,0.21649484536082475,0.010309278350515464,0.08247422680412371
MF0010,0008,surprise,0.023255813953488372,0.046511627906976744,0.03488372093023256,0.12790697674418605,0.023255813953488372,0.6744186046511628,0.06976744186046512
MF0010,0009,anger,0.2631578947368421,0.5350877192982456,0.017543859649122806,0.10526315789473684,NA,0.043859649122807015,0.03508771929824561
MF0010,0009,disgust,0.30927835051546393,0.6597938144329897,0.010309278350515464,NA,0.010309278350515464,NA,0.010309278350515464
MF0010,0009,fear,0.011494252873563218,0.08045977011494253,0.28735632183908044,0.13793103448275862,0.034482758620689655,0.3793103448275862,0.06896551724137931
MF0010,0009,happiness,NA,NA,NA,0.9775280898876404,0.011235955056179775,0.011235955056179775,NA
MF0010,0009,sadness,0.09278350515463918,0.030927835051546393,0.16494845360824742,0.010309278350515464,0.44329896907216493,0.020618556701030927,0.23711340206185566
MF0010,0009,surprise,0.011627906976744186,0.011627906976744186,0.06976744186046512,0.023255813953488372,NA,0.872093023255814,0.011627906976744186
MF0010,0010,anger,0.08771929824561403,0.09649122807017543,0.21929824561403508,0.008771929824561403,0.07017543859649122,0.5087719298245614,0.008771929824561403
MF0010,0010,disgust,0.30927835051546393,0.21649484536082475,0.041237113402061855,NA,0.28865979381443296,0.030927835051546393,0.1134020618556701
MF0010,0010,fear,0.011494252873563218,0.011494252873563218,0.13793103448275862,NA,NA,0.8390804597701149,NA
MF0010,0010,happiness,0.02247191011235955,NA,0.011235955056179775,0.7303370786516854,0.033707865168539325,0.02247191011235955,0.1797752808988764
MF0010,0010,sadness,0.2268041237113402,0.030927835051546393,0.05154639175257732,NA,0.35051546391752575,0.020618556701030927,0.31958762886597936
MF0010,0010,surprise,NA,0.011627906976744186,0.046511627906976744,0.03488372093023256,NA,0.9069767441860465,NA
MF0010,0011,anger,0.6754385964912281,0.09649122807017543,0.06140350877192982,0.008771929824561403,0.017543859649122806,0.09649122807017543,0.043859649122807015
MF0010,0011,disgust,0.08247422680412371,0.16494845360824742,0.4536082474226804,NA,0.1958762886597938,0.10309278350515463,NA
MF0010,0011,fear,0.12643678160919541,0.022988505747126436,0.16091954022988506,NA,0.022988505747126436,0.6091954022988506,0.05747126436781609
MF0010,0011,happiness,NA,0.011235955056179775,NA,0.9662921348314607,NA,NA,0.02247191011235955
MF0010,0011,sadness,0.041237113402061855,0.020618556701030927,0.08247422680412371,0.030927835051546393,0.36082474226804123,0.041237113402061855,0.422680412371134
MF0010,0011,surprise,NA,0.011627906976744186,0.046511627906976744,NA,0.03488372093023256,0.872093023255814,0.03488372093023256
MF0010,0012,anger,0.07894736842105263,0.06140350877192982,0.02631578947368421,0.02631578947368421,0.39473684210526316,NA,0.41228070175438597
MF0010,0012,disgust,0.041237113402061855,0.6082474226804123,0.05154639175257732,0.020618556701030927,0.10309278350515463,0.10309278350515463,0.07216494845360824
MF0010,0012,fear,NA,NA,0.08045977011494253,NA,0.011494252873563218,0.896551724137931,0.011494252873563218
MF0010,0012,happiness,NA,NA,NA,0.8876404494382022,0.011235955056179775,0.02247191011235955,0.07865168539325842
MF0010,0012,sadness,0.07216494845360824,0.07216494845360824,0.030927835051546393,NA,0.32989690721649484,0.010309278350515464,0.4845360824742268
MF0010,0012,surprise,NA,0.011627906976744186,NA,0.6395348837209303,NA,0.3488372093023256,NA
MF0010,0013,anger,0.47368421052631576,0.22807017543859648,0.05263157894736842,0.03508771929824561,0.02631578947368421,0.06140350877192982,0.12280701754385964
MF0010,0013,disgust,0.041237113402061855,0.4020618556701031,0.32989690721649484,NA,0.041237113402061855,0.041237113402061855,0.14432989690721648
MF0010,0013,fear,NA,0.13793103448275862,0.27586206896551724,0.022988505747126436,NA,0.5057471264367817,0.05747126436781609
MF0010,0013,happiness,0.011235955056179775,NA,NA,0.9775280898876404,NA,0.011235955056179775,NA
MF0010,0013,sadness,0.030927835051546393,0.31958762886597936,0.13402061855670103,0.010309278350515464,0.4020618556701031,0.061855670103092786,0.041237113402061855
MF0010,0013,surprise,0.023255813953488372,0.011627906976744186,0.05813953488372093,0.11627906976744186,0.011627906976744186,0.7558139534883721,0.023255813953488372
MF0010,0014,anger,0.12280701754385964,0.10526315789473684,0.03508771929824561,0.043859649122807015,0.39473684210526316,0.017543859649122806,0.2807017543859649
MF0010,0014,disgust,NA,0.29896907216494845,0.13402061855670103,0.010309278350515464,0.5051546391752577,NA,0.05154639175257732
MF0010,0014,fear,0.06896551724137931,0.16091954022988506,0.2413793103448276,NA,0.28735632183908044,0.10344827586206896,0.13793103448275862
MF0010,0014,happiness,NA,0.1797752808988764,0.11235955056179775,0.38202247191011235,0.24719101123595505,0.011235955056179775,0.06741573033707865
MF0010,0014,sadness,0.07216494845360824,0.17525773195876287,0.09278350515463918,0.020618556701030927,0.4329896907216495,0.010309278350515464,0.1958762886597938
MF0010,0014,surprise,NA,0.1511627906976744,0.05813953488372093,0.046511627906976744,0.023255813953488372,0.6627906976744186,0.05813953488372093
MF0011,0001,anger,0.12280701754385964,0.07017543859649122,0.05263157894736842,0.12280701754385964,0.17543859649122806,0.07017543859649122,0.38596491228070173
MF0011,0001,disgust,0.020618556701030927,0.12371134020618557,0.061855670103092786,0.23711340206185566,0.1958762886597938,0.041237113402061855,0.31958762886597936
MF0011,0001,fear,NA,NA,0.13793103448275862,0.034482758620689655,0.022988505747126436,0.7241379310344828,0.08045977011494253
MF0011,0001,happiness,NA,0.011235955056179775,NA,0.9662921348314607,NA,NA,0.02247191011235955
MF0011,0001,sadness,0.07216494845360824,0.041237113402061855,0.061855670103092786,0.010309278350515464,0.32989690721649484,NA,0.4845360824742268
MF0011,0001,surprise,NA,NA,0.03488372093023256,0.686046511627907,NA,0.22093023255813954,0.05813953488372093
MF0011,0002,anger,0.2894736842105263,0.07894736842105263,0.017543859649122806,0.017543859649122806,0.37719298245614036,0.07017543859649122,0.14912280701754385
MF0011,0002,disgust,0.061855670103092786,0.6701030927835051,0.05154639175257732,NA,0.17525773195876287,0.020618556701030927,0.020618556701030927
MF0011,0002,fear,0.034482758620689655,0.011494252873563218,0.04597701149425287,0.034482758620689655,0.3333333333333333,0.022988505747126436,0.5172413793103449
MF0011,0002,happiness,NA,NA,0.011235955056179775,0.9887640449438202,NA,NA,NA
MF0011,0002,sadness,0.030927835051546393,NA,0.041237113402061855,0.020618556701030927,0.4639175257731959,0.020618556701030927,0.422680412371134
MF0011,0002,surprise,0.011627906976744186,0.011627906976744186,0.06976744186046512,0.011627906976744186,0.011627906976744186,0.8837209302325582,NA
MF0011,0003,anger,0.2807017543859649,0.017543859649122806,0.07017543859649122,NA,0.43859649122807015,0.043859649122807015,0.14912280701754385
MF0011,0003,disgust,0.20618556701030927,0.41237113402061853,0.08247422680412371,0.020618556701030927,0.18556701030927836,0.061855670103092786,0.030927835051546393
MF0011,0003,fear,0.09195402298850575,0.05747126436781609,0.20689655172413793,0.011494252873563218,0.5862068965517241,0.011494252873563218,0.034482758620689655
MF0011,0003,happiness,NA,NA,NA,0.9662921348314607,NA,NA,0.033707865168539325
MF0011,0003,sadness,0.07216494845360824,0.041237113402061855,0.15463917525773196,0.010309278350515464,0.6907216494845361,NA,0.030927835051546393
MF0011,0003,surprise,0.03488372093023256,0.03488372093023256,0.32558139534883723,0.011627906976744186,0.06976744186046512,0.4883720930232558,0.03488372093023256
MF0011,0004,anger,0.2631578947368421,0.13157894736842105,0.06140350877192982,0.02631578947368421,0.07894736842105263,0.15789473684210525,0.2807017543859649
MF0011,0004,disgust,0.10309278350515463,0.17525773195876287,0.061855670103092786,0.05154639175257732,0.08247422680412371,0.1958762886597938,0.32989690721649484
MF0011,0004,fear,0.022988505747126436,NA,0.09195402298850575,0.011494252873563218,0.011494252873563218,0.7701149425287356,0.09195402298850575
MF0011,0004,happiness,NA,NA,NA,1,NA,NA,NA
MF0011,0004,sadness,0.010309278350515464,0.030927835051546393,0.041237113402061855,0.20618556701030927,0.13402061855670103,0.030927835051546393,0.5463917525773195
MF0011,0004,surprise,0.011627906976744186,0.023255813953488372,0.05813953488372093,0.38372093023255816,0.023255813953488372,0.2558139534883721,0.2441860465116279
MF0011,0005,anger,0.2807017543859649,0.03508771929824561,0.017543859649122806,0.017543859649122806,0.2894736842105263,0.008771929824561403,0.3508771929824561
MF0011,0005,disgust,0.27835051546391754,0.1134020618556701,0.05154639175257732,0.020618556701030927,0.23711340206185566,0.010309278350515464,0.28865979381443296
MF0011,0005,fear,0.2413793103448276,0.022988505747126436,0.20689655172413793,NA,0.16091954022988506,0.27586206896551724,0.09195402298850575
MF0011,0005,happiness,NA,0.011235955056179775,NA,0.9775280898876404,NA,NA,0.011235955056179775
MF0011,0005,sadness,0.2268041237113402,0.020618556701030927,0.020618556701030927,0.020618556701030927,0.36082474226804123,NA,0.35051546391752575
MF0011,0005,surprise,0.03488372093023256,0.011627906976744186,NA,0.011627906976744186,0.27906976744186046,0.18604651162790697,0.47674418604651164
MF0011,0006,anger,0.7209302325581395,0.06976744186046512,0.011627906976744186,0.011627906976744186,0.12790697674418605,0.023255813953488372,0.03488372093023256
MF0011,0006,disgust,0.45614035087719296,0.07017543859649122,0.017543859649122806,0.017543859649122806,0.2982456140350877,0.008771929824561403,0.13157894736842105
MF0011,0006,fear,0.41237113402061853,0.041237113402061855,0.041237113402061855,0.020618556701030927,0.2268041237113402,0.020618556701030927,0.23711340206185566
MF0011,0006,happiness,NA,0.011494252873563218,NA,0.9540229885057471,NA,0.011494252873563218,0.022988505747126436
MF0011,0006,sadness,0.39325842696629215,0.056179775280898875,0.02247191011235955,0.011235955056179775,0.19101123595505617,0.011235955056179775,0.3146067415730337
MF0011,0006,surprise,0.30927835051546393,0.030927835051546393,0.07216494845360824,0.030927835051546393,0.24742268041237114,0.020618556701030927,0.28865979381443296
MF0011,0007,anger,0.27906976744186046,0.23255813953488372,0.023255813953488372,0.023255813953488372,0.10465116279069768,0.18604651162790697,0.1511627906976744
MF0011,0007,disgust,0.043859649122807015,0.34210526315789475,0.008771929824561403,0.07894736842105263,0.2719298245614035,0.02631578947368421,0.22807017543859648
MF0011,0007,fear,0.010309278350515464,0.041237113402061855,0.030927835051546393,0.09278350515463918,0.020618556701030927,0.7628865979381443,0.041237113402061855
MF0011,0007,happiness,NA,NA,NA,0.9885057471264368,NA,NA,0.011494252873563218
MF0011,0007,sadness,0.033707865168539325,0.02247191011235955,0.11235955056179775,0.14606741573033707,0.3258426966292135,0.0449438202247191,0.3146067415730337
MF0011,0007,surprise,NA,NA,0.030927835051546393,0.05154639175257732,0.020618556701030927,0.865979381443299,0.030927835051546393
MF0011,0008,anger,0.29069767441860467,0.32558139534883723,0.023255813953488372,NA,0.08139534883720931,0.2558139534883721,0.023255813953488372
MF0011,0008,disgust,0.05263157894736842,0.5701754385964912,0.08771929824561403,0.017543859649122806,0.03508771929824561,0.19298245614035087,0.043859649122807015
MF0011,0008,fear,0.07216494845360824,0.15463917525773196,0.35051546391752575,NA,0.1134020618556701,0.25773195876288657,0.05154639175257732
MF0011,0008,happiness,NA,0.13793103448275862,0.04597701149425287,0.632183908045977,0.04597701149425287,0.05747126436781609,0.08045977011494253
MF0011,0008,sadness,0.056179775280898875,0.11235955056179775,0.1797752808988764,0.011235955056179775,0.34831460674157305,0.14606741573033707,0.14606741573033707
MF0011,0008,surprise,NA,0.020618556701030927,0.27835051546391754,0.010309278350515464,NA,0.6701030927835051,0.020618556701030927
MF0011,0009,anger,0.2558139534883721,0.03488372093023256,NA,0.011627906976744186,0.32558139534883723,NA,0.37209302325581395
MF0011,0009,disgust,0.38596491228070173,0.11403508771929824,0.043859649122807015,NA,0.38596491228070173,0.008771929824561403,0.06140350877192982
MF0011,0009,fear,0.25773195876288657,0.030927835051546393,0.10309278350515463,0.020618556701030927,0.17525773195876287,0.1134020618556701,0.29896907216494845
MF0011,0009,happiness,NA,NA,NA,1,NA,NA,NA
MF0011,0009,sadness,0.23595505617977527,0.02247191011235955,0.011235955056179775,NA,0.34831460674157305,0.011235955056179775,0.3707865168539326
MF0011,0009,surprise,0.010309278350515464,0.010309278350515464,0.061855670103092786,NA,0.030927835051546393,0.865979381443299,0.020618556701030927
MF0011,0010,anger,0.06976744186046512,0.03488372093023256,0.046511627906976744,0.03488372093023256,0.18604651162790697,0.023255813953488372,0.6046511627906976
MF0011,0010,disgust,0.09649122807017543,0.09649122807017543,0.017543859649122806,0.15789473684210525,0.12280701754385964,0.15789473684210525,0.3508771929824561
MF0011,0010,fear,0.041237113402061855,0.041237113402061855,NA,0.24742268041237114,0.12371134020618557,0.010309278350515464,0.5360824742268041
MF0011,0010,happiness,NA,NA,NA,0.9655172413793104,NA,0.034482758620689655,NA
MF0011,0010,sadness,0.0449438202247191,0.02247191011235955,0.011235955056179775,0.1797752808988764,0.21348314606741572,NA,0.5280898876404494
MF0011,0010,surprise,NA,0.010309278350515464,0.010309278350515464,0.3917525773195876,0.05154639175257732,0.29896907216494845,0.23711340206185566
MF0011,0011,anger,0.11627906976744186,NA,NA,0.12790697674418605,0.27906976744186046,0.011627906976744186,0.46511627906976744
MF0011,0011,disgust,0.02631578947368421,0.2719298245614035,0.03508771929824561,0.41228070175438597,0.05263157894736842,0.02631578947368421,0.17543859649122806
MF0011,0011,fear,0.041237113402061855,0.07216494845360824,0.030927835051546393,0.08247422680412371,0.15463917525773196,0.020618556701030927,0.5979381443298969
MF0011,0011,happiness,NA,NA,NA,0.9655172413793104,NA,0.011494252873563218,0.022988505747126436
MF0011,0011,sadness,0.033707865168539325,0.033707865168539325,0.033707865168539325,0.1348314606741573,0.20224719101123595,0.011235955056179775,0.550561797752809
MF0011,0011,surprise,NA,NA,0.010309278350515464,0.8762886597938144,0.010309278350515464,0.030927835051546393,0.07216494845360824
MF0012,0001,anger,0.5116279069767442,0.3372093023255814,NA,NA,0.09302325581395349,0.046511627906976744,0.011627906976744186
MF0012,0001,disgust,0.07017543859649122,0.8596491228070176,0.017543859649122806,NA,0.03508771929824561,0.008771929824561403,0.008771929824561403
MF0012,0001,fear,0.061855670103092786,0.07216494845360824,0.30927835051546393,0.010309278350515464,0.05154639175257732,0.4742268041237113,0.020618556701030927
MF0012,0001,happiness,NA,NA,NA,1,NA,NA,NA
MF0012,0001,sadness,0.02247191011235955,0.3595505617977528,0.011235955056179775,0.02247191011235955,0.550561797752809,NA,0.033707865168539325
MF0012,0001,surprise,NA,0.010309278350515464,0.010309278350515464,0.21649484536082475,NA,0.7525773195876289,0.010309278350515464
MF0012,0002,anger,0.22093023255813954,0.05813953488372093,0.03488372093023256,NA,0.43023255813953487,0.023255813953488372,0.23255813953488372
MF0012,0002,disgust,0.2894736842105263,0.06140350877192982,0.02631578947368421,NA,0.45614035087719296,0.02631578947368421,0.14035087719298245
MF0012,0002,fear,0.27835051546391754,0.041237113402061855,0.10309278350515463,0.010309278350515464,0.12371134020618557,0.23711340206185566,0.20618556701030927
MF0012,0002,happiness,0.06896551724137931,0.04597701149425287,0.034482758620689655,0.16091954022988506,0.25287356321839083,0.04597701149425287,0.39080459770114945
MF0012,0002,sadness,0.2247191011235955,0.0898876404494382,0.02247191011235955,0.011235955056179775,0.4943820224719101,0.02247191011235955,0.1348314606741573
MF0012,0002,surprise,0.14432989690721648,0.16494845360824742,0.061855670103092786,NA,0.08247422680412371,0.4742268041237113,0.07216494845360824
MF0012,0003,anger,0.4069767441860465,0.05813953488372093,0.03488372093023256,0.011627906976744186,0.23255813953488372,0.05813953488372093,0.19767441860465115
MF0012,0003,disgust,0.03508771929824561,0.2543859649122807,0.05263157894736842,0.10526315789473684,0.10526315789473684,0.17543859649122806,0.2719298245614035
MF0012,0003,fear,NA,0.020618556701030927,0.12371134020618557,0.05154639175257732,0.041237113402061855,0.6907216494845361,0.07216494845360824
MF0012,0003,happiness,NA,NA,NA,0.9885057471264368,0.011494252873563218,NA,NA
MF0012,0003,sadness,0.02247191011235955,0.056179775280898875,0.056179775280898875,0.033707865168539325,0.5955056179775281,0.011235955056179775,0.2247191011235955
MF0012,0003,surprise,NA,0.010309278350515464,0.010309278350515464,0.4536082474226804,0.010309278350515464,0.44329896907216493,0.07216494845360824
MF0012,0004,anger,0.46511627906976744,0.11627906976744186,0.05813953488372093,0.011627906976744186,0.18604651162790697,0.06976744186046512,0.09302325581395349
MF0012,0004,disgust,0.03508771929824561,0.8421052631578947,0.03508771929824561,0.017543859649122806,0.02631578947368421,0.043859649122807015,NA
MF0012,0004,fear,0.010309278350515464,0.030927835051546393,0.3711340206185567,0.05154639175257732,0.12371134020618557,0.29896907216494845,0.1134020618556701
MF0012,0004,happiness,NA,NA,NA,0.9885057471264368,NA,0.011494252873563218,NA
MF0012,0004,sadness,0.24719101123595505,0.011235955056179775,0.0449438202247191,0.02247191011235955,0.4044943820224719,0.011235955056179775,0.25842696629213485
MF0012,0004,surprise,NA,NA,0.010309278350515464,0.12371134020618557,NA,0.8556701030927835,0.010309278350515464
MF0012,0005,disgust,0.15789473684210525,0.6754385964912281,0.017543859649122806,NA,0.09649122807017543,0.02631578947368421,0.02631578947368421
MF0012,0005,fear,0.061855670103092786,0.36082474226804123,0.27835051546391754,0.010309278350515464,0.10309278350515463,0.13402061855670103,0.05154639175257732
MF0012,0005,happiness,NA,NA,NA,0.9770114942528736,NA,0.022988505747126436,NA
MF0012,0005,sadness,0.0449438202247191,0.0898876404494382,0.02247191011235955,NA,0.6629213483146067,0.033707865168539325,0.14606741573033707
MF0012,0005,surprise,NA,0.05154639175257732,0.1134020618556701,0.041237113402061855,0.010309278350515464,0.7731958762886598,0.010309278350515464
MF0012,0006,anger,0.6976744186046512,0.06976744186046512,0.03488372093023256,NA,0.16279069767441862,0.011627906976744186,0.023255813953488372
MF0012,0006,disgust,0.37719298245614036,0.4473684210526316,0.03508771929824561,NA,0.07894736842105263,0.008771929824561403,0.05263157894736842
MF0012,0006,fear,0.020618556701030927,0.010309278350515464,0.23711340206185566,0.010309278350515464,0.05154639175257732,0.6494845360824743,0.020618556701030927
MF0012,0006,happiness,NA,NA,0.011494252873563218,0.9770114942528736,0.011494252873563218,NA,NA
MF0012,0006,sadness,0.12359550561797752,0.02247191011235955,0.3146067415730337,0.0449438202247191,0.23595505617977527,0.06741573033707865,0.19101123595505617
MF0012,0006,surprise,NA,NA,NA,0.9381443298969072,NA,0.05154639175257732,0.010309278350515464
MF0012,0007,anger,0.26744186046511625,0.08139534883720931,0.03488372093023256,0.046511627906976744,0.22093023255813954,0.023255813953488372,0.32558139534883723
MF0012,0007,disgust,0.15789473684210525,0.23684210526315788,0.07017543859649122,0.008771929824561403,0.23684210526315788,0.07017543859649122,0.21929824561403508
MF0012,0007,fear,0.1958762886597938,0.061855670103092786,0.030927835051546393,0.010309278350515464,0.26804123711340205,0.010309278350515464,0.422680412371134
MF0012,0007,happiness,NA,NA,NA,0.9885057471264368,NA,NA,0.011494252873563218
MF0012,0007,sadness,0.3146067415730337,0.0449438202247191,0.02247191011235955,NA,0.34831460674157305,NA,0.2696629213483146
MF0012,0007,surprise,0.020618556701030927,0.041237113402061855,0.10309278350515463,0.07216494845360824,0.13402061855670103,0.12371134020618557,0.5051546391752577
MF0012,0008,anger,0.2558139534883721,0.23255813953488372,0.08139534883720931,NA,0.23255813953488372,0.046511627906976744,0.1511627906976744
MF0012,0008,disgust,0.15789473684210525,0.5614035087719298,0.043859649122807015,0.017543859649122806,0.11403508771929824,0.06140350877192982,0.043859649122807015
MF0012,0008,happiness,NA,NA,NA,0.9655172413793104,0.022988505747126436,0.011494252873563218,NA
MF0012,0008,sadness,0.24719101123595505,0.15730337078651685,0.06741573033707865,NA,0.34831460674157305,0.056179775280898875,0.12359550561797752
MF0012,0008,surprise,0.020618556701030927,0.030927835051546393,0.29896907216494845,0.020618556701030927,0.12371134020618557,0.38144329896907214,0.12371134020618557
MF0012,0009,anger,0.38372093023255816,0.03488372093023256,0.023255813953488372,NA,0.3372093023255814,0.023255813953488372,0.19767441860465115
MF0012,0009,disgust,0.02631578947368421,0.8157894736842105,0.03508771929824561,0.02631578947368421,0.05263157894736842,0.03508771929824561,0.008771929824561403
MF0012,0009,happiness,NA,0.011494252873563218,NA,0.8045977011494253,0.022988505747126436,0.011494252873563218,0.14942528735632185
MF0012,0009,surprise,0.05154639175257732,0.05154639175257732,0.13402061855670103,0.08247422680412371,0.2268041237113402,0.13402061855670103,0.31958762886597936
MF0012,0010,anger,0.43023255813953487,0.22093023255813954,0.09302325581395349,0.011627906976744186,0.1744186046511628,0.05813953488372093,0.011627906976744186
MF0012,0010,disgust,0.043859649122807015,0.21052631578947367,0.3333333333333333,0.017543859649122806,0.3508771929824561,0.017543859649122806,0.02631578947368421
MF0012,0010,fear,0.07216494845360824,0.05154639175257732,0.41237113402061853,NA,0.061855670103092786,0.36082474226804123,0.041237113402061855
MF0012,0010,happiness,NA,NA,NA,0.9770114942528736,0.011494252873563218,NA,0.011494252873563218
MF0012,0010,sadness,0.033707865168539325,0.19101123595505617,NA,0.011235955056179775,0.6853932584269663,0.033707865168539325,0.0449438202247191
MF0012,0010,surprise,0.030927835051546393,0.041237113402061855,0.20618556701030927,0.010309278350515464,NA,0.6907216494845361,0.020618556701030927
MF0013,0002,anger,0.16279069767441862,NA,0.023255813953488372,0.08139534883720931,0.16279069767441862,0.06976744186046512,0.5
MF0013,0002,disgust,0.07017543859649122,0.017543859649122806,0.008771929824561403,0.39473684210526316,0.08771929824561403,0.07894736842105263,0.34210526315789475
MF0013,0002,fear,0.030927835051546393,0.07216494845360824,0.1134020618556701,0.07216494845360824,0.041237113402061855,0.24742268041237114,0.422680412371134
MF0013,0002,happiness,NA,0.011494252873563218,NA,0.9655172413793104,0.011494252873563218,0.011494252873563218,NA
MF0013,0002,sadness,0.0449438202247191,0.0449438202247191,0.011235955056179775,0.06741573033707865,0.1348314606741573,0.11235955056179775,0.5842696629213483
MF0013,0002,surprise,0.010309278350515464,0.020618556701030927,0.05154639175257732,0.16494845360824742,NA,0.6082474226804123,0.14432989690721648
MF0013,0003,anger,0.11627906976744186,0.18604651162790697,0.313953488372093,NA,0.16279069767441862,0.18604651162790697,0.03488372093023256
MF0013,0003,disgust,0.14035087719298245,0.6228070175438597,0.07894736842105263,0.008771929824561403,0.13157894736842105,NA,0.017543859649122806
MF0013,0003,fear,NA,NA,0.07216494845360824,0.5567010309278351,NA,0.3711340206185567,NA
MF0013,0003,happiness,0.011494252873563218,NA,NA,0.9885057471264368,NA,NA,NA
MF0013,0003,sadness,NA,0.056179775280898875,0.033707865168539325,NA,0.797752808988764,0.011235955056179775,0.10112359550561797
MF0013,0003,surprise,0.020618556701030927,0.010309278350515464,0.05154639175257732,0.5567010309278351,NA,0.31958762886597936,0.041237113402061855
MF0013,0004,anger,0.046511627906976744,0.8604651162790697,0.011627906976744186,NA,0.011627906976744186,0.05813953488372093,0.011627906976744186
MF0013,0004,disgust,0.10526315789473684,0.543859649122807,0.09649122807017543,NA,0.09649122807017543,0.12280701754385964,0.03508771929824561
MF0013,0004,fear,0.041237113402061855,0.36082474226804123,0.05154639175257732,0.010309278350515464,0.23711340206185566,0.18556701030927836,0.1134020618556701
MF0013,0004,happiness,NA,0.011494252873563218,NA,0.9770114942528736,0.011494252873563218,NA,NA
MF0013,0004,sadness,0.011235955056179775,0.0898876404494382,0.0449438202247191,0.11235955056179775,0.449438202247191,0.011235955056179775,0.2808988764044944
MF0013,0004,surprise,NA,0.010309278350515464,NA,0.9896907216494846,NA,NA,NA
MF0013,0005,anger,0.5116279069767442,0.13953488372093023,0.046511627906976744,NA,0.16279069767441862,0.03488372093023256,0.10465116279069768
MF0013,0005,disgust,0.20175438596491227,0.4824561403508772,0.08771929824561403,0.017543859649122806,0.05263157894736842,0.08771929824561403,0.07017543859649122
MF0013,0005,fear,0.061855670103092786,0.14432989690721648,0.08247422680412371,0.030927835051546393,0.020618556701030927,0.5670103092783505,0.09278350515463918
MF0013,0005,happiness,NA,0.011494252873563218,NA,0.9080459770114943,NA,0.022988505747126436,0.05747126436781609
MF0013,0005,sadness,0.449438202247191,0.24719101123595505,0.011235955056179775,0.011235955056179775,0.06741573033707865,0.0449438202247191,0.16853932584269662
MF0013,0005,surprise,NA,NA,0.010309278350515464,0.020618556701030927,0.020618556701030927,0.9278350515463918,0.020618556701030927
MF0013,0006,anger,0.09302325581395349,0.08139534883720931,0.011627906976744186,0.03488372093023256,0.3023255813953488,0.046511627906976744,0.43023255813953487
MF0013,0006,disgust,0.12280701754385964,0.13157894736842105,0.03508771929824561,0.017543859649122806,0.2982456140350877,0.02631578947368421,0.3684210526315789
MF0013,0006,fear,0.1134020618556701,0.08247422680412371,0.030927835051546393,0.08247422680412371,0.09278350515463918,0.041237113402061855,0.5567010309278351
MF0013,0006,happiness,0.05747126436781609,0.05747126436781609,0.022988505747126436,0.22988505747126436,0.1724137931034483,0.034482758620689655,0.42528735632183906
MF0013,0006,sadness,0.14606741573033707,0.06741573033707865,0.033707865168539325,0.011235955056179775,0.20224719101123595,0.02247191011235955,0.5168539325842697
MF0013,0006,surprise,0.061855670103092786,0.13402061855670103,0.05154639175257732,0.020618556701030927,0.23711340206185566,0.07216494845360824,0.422680412371134
MF0013,0007,anger,0.12790697674418605,0.03488372093023256,0.011627906976744186,NA,0.627906976744186,0.046511627906976744,0.1511627906976744
MF0013,0007,disgust,0.35964912280701755,0.07894736842105263,0.07894736842105263,NA,0.20175438596491227,0.18421052631578946,0.09649122807017543
MF0013,0007,fear,0.10309278350515463,0.05154639175257732,0.14432989690721648,NA,0.09278350515463918,0.4948453608247423,0.1134020618556701
MF0013,0007,happiness,NA,NA,NA,0.9885057471264368,NA,NA,0.011494252873563218
MF0013,0007,sadness,0.0898876404494382,0.033707865168539325,0.033707865168539325,NA,0.651685393258427,0.02247191011235955,0.16853932584269662
MF0013,0007,surprise,NA,0.010309278350515464,0.1134020618556701,0.020618556701030927,NA,0.845360824742268,0.010309278350515464
MF0013,0008,anger,0.43023255813953487,0.03488372093023256,0.05813953488372093,0.011627906976744186,0.4069767441860465,0.011627906976744186,0.046511627906976744
MF0013,0008,disgust,0.03508771929824561,0.4649122807017544,0.2543859649122807,0.008771929824561403,0.20175438596491227,0.02631578947368421,0.008771929824561403
MF0013,0008,fear,0.05154639175257732,0.09278350515463918,0.30927835051546393,NA,0.3402061855670103,0.13402061855670103,0.07216494845360824
MF0013,0008,happiness,NA,NA,NA,0.9885057471264368,0.011494252873563218,NA,NA
MF0013,0008,sadness,0.0898876404494382,0.0449438202247191,0.02247191011235955,0.02247191011235955,0.3146067415730337,0.011235955056179775,0.4943820224719101
MF0013,0008,surprise,NA,0.010309278350515464,NA,NA,NA,0.9896907216494846,NA
MF0013,0009,anger,0.46511627906976744,0.2441860465116279,0.03488372093023256,NA,0.05813953488372093,0.11627906976744186,0.08139534883720931
MF0013,0009,disgust,0.17543859649122806,0.35964912280701755,NA,0.24561403508771928,0.017543859649122806,0.14912280701754385,0.05263157894736842
MF0013,0009,fear,0.020618556701030927,0.17525773195876287,0.23711340206185566,NA,0.010309278350515464,0.5567010309278351,NA
MF0013,0009,happiness,NA,NA,NA,0.9770114942528736,NA,0.011494252873563218,0.011494252873563218
MF0013,0009,sadness,0.12359550561797752,0.0898876404494382,0.16853932584269662,0.011235955056179775,0.23595505617977527,0.07865168539325842,0.29213483146067415
MF0013,0009,surprise,0.010309278350515464,0.010309278350515464,0.010309278350515464,0.1958762886597938,0.010309278350515464,0.7422680412371134,0.020618556701030927
MF0013,0010,anger,0.1511627906976744,0.11627906976744186,0.046511627906976744,0.011627906976744186,0.5348837209302325,0.05813953488372093,0.08139534883720931
MF0013,0010,disgust,0.20175438596491227,0.7192982456140351,NA,0.008771929824561403,0.043859649122807015,NA,0.02631578947368421
MF0013,0010,fear,0.05154639175257732,0.15463917525773196,0.12371134020618557,0.020618556701030927,0.44329896907216493,0.12371134020618557,0.08247422680412371
MF0013,0010,happiness,NA,NA,0.011494252873563218,0.9655172413793104,NA,0.022988505747126436,NA
MF0013,0010,sadness,0.056179775280898875,0.1348314606741573,0.033707865168539325,NA,0.6966292134831461,0.033707865168539325,0.0449438202247191
MF0013,0010,surprise,NA,NA,0.08247422680412371,0.17525773195876287,NA,0.7319587628865979,0.010309278350515464
MF0013,0011,anger,0.18604651162790697,0.11627906976744186,0.11627906976744186,0.09302325581395349,0.1511627906976744,0.06976744186046512,0.26744186046511625
MF0013,0011,disgust,0.03508771929824561,0.22807017543859648,0.21052631578947367,0.30701754385964913,0.08771929824561403,0.09649122807017543,0.03508771929824561
MF0013,0011,fear,0.010309278350515464,0.05154639175257732,0.422680412371134,NA,0.020618556701030927,0.4742268041237113,0.020618556701030927
MF0013,0011,happiness,NA,NA,NA,0.9885057471264368,NA,NA,0.011494252873563218
MF0013,0011,sadness,0.07865168539325842,0.06741573033707865,0.02247191011235955,NA,0.797752808988764,NA,0.033707865168539325
MF0013,0011,surprise,0.030927835051546393,0.010309278350515464,0.1134020618556701,0.10309278350515463,0.010309278350515464,0.6494845360824743,0.08247422680412371
MF0013,0012,happiness,NA,NA,NA,1,NA,NA,NA
MF0014,0001,anger,0.18604651162790697,0.27906976744186046,0.08139534883720931,NA,0.22093023255813954,0.13953488372093023,0.09302325581395349
MF0014,0001,disgust,0.06140350877192982,0.4298245614035088,0.2631578947368421,0.02631578947368421,0.15789473684210525,0.06140350877192982,NA
MF0014,0001,happiness,NA,NA,NA,0.9770114942528736,NA,0.022988505747126436,NA
MF0014,0001,surprise,NA,NA,0.010309278350515464,0.9690721649484536,NA,0.020618556701030927,NA
MF0014,0002,anger,0.3953488372093023,0.03488372093023256,0.023255813953488372,NA,0.4418604651162791,NA,0.10465116279069768
MF0014,0002,disgust,0.06140350877192982,0.7807017543859649,0.03508771929824561,NA,0.11403508771929824,NA,0.008771929824561403
MF0014,0002,happiness,NA,0.011494252873563218,0.011494252873563218,0.9195402298850575,0.011494252873563218,NA,0.04597701149425287
MF0014,0002,sadness,0.056179775280898875,0.21348314606741572,0.033707865168539325,NA,0.6179775280898876,0.011235955056179775,0.06741573033707865
MF0014,0002,surprise,NA,0.061855670103092786,0.12371134020618557,NA,0.020618556701030927,0.7835051546391752,0.010309278350515464
MF0014,0003,anger,0.4418604651162791,0.09302325581395349,0.023255813953488372,0.011627906976744186,0.26744186046511625,0.011627906976744186,0.1511627906976744
MF0014,0003,happiness,NA,NA,NA,0.9885057471264368,0.011494252873563218,NA,NA
MF0014,0003,sadness,0.1797752808988764,0.0449438202247191,0.033707865168539325,0.02247191011235955,0.3595505617977528,NA,0.3595505617977528
MF0014,0003,surprise,NA,0.020618556701030927,0.041237113402061855,0.020618556701030927,NA,0.9072164948453608,0.010309278350515464
MF0014,0004,anger,0.5813953488372093,0.09302325581395349,0.023255813953488372,NA,0.18604651162790697,0.023255813953488372,0.09302325581395349
MF0014,0004,disgust,0.5526315789473685,0.09649122807017543,0.06140350877192982,NA,0.07017543859649122,0.08771929824561403,0.13157894736842105
MF0014,0004,happiness,0.011494252873563218,NA,0.011494252873563218,0.8735632183908046,NA,0.011494252873563218,0.09195402298850575
MF0014,0004,sadness,0.29213483146067415,0.1797752808988764,0.02247191011235955,NA,0.33707865168539325,0.033707865168539325,0.1348314606741573
MF0014,0005,anger,0.5232558139534884,0.09302325581395349,0.023255813953488372,NA,0.19767441860465115,0.023255813953488372,0.13953488372093023
MF0014,0005,happiness,NA,NA,0.011494252873563218,0.9195402298850575,0.011494252873563218,0.022988505747126436,0.034482758620689655
MF0014,0005,sadness,0.1348314606741573,0.06741573033707865,0.0449438202247191,NA,0.2808988764044944,0.02247191011235955,0.449438202247191
MF0014,0005,surprise,0.020618556701030927,0.020618556701030927,0.14432989690721648,0.010309278350515464,0.030927835051546393,0.6391752577319587,0.13402061855670103
MF0014,0006,anger,0.43023255813953487,0.12790697674418605,0.03488372093023256,0.011627906976744186,0.20930232558139536,0.05813953488372093,0.12790697674418605
MF0014,0006,disgust,0.14035087719298245,0.4824561403508772,0.017543859649122806,NA,0.07894736842105263,0.21052631578947367,0.07017543859649122
MF0014,0006,happiness,NA,0.011494252873563218,0.022988505747126436,0.8275862068965517,0.022988505747126436,0.011494252873563218,0.10344827586206896
MF0014,0006,sadness,0.14606741573033707,0.38202247191011235,0.033707865168539325,0.011235955056179775,0.1797752808988764,0.10112359550561797,0.14606741573033707
MF0014,0006,surprise,0.10309278350515463,0.12371134020618557,0.09278350515463918,0.010309278350515464,0.16494845360824742,0.25773195876288657,0.24742268041237114
MF0014,0007,anger,0.5,0.11627906976744186,0.023255813953488372,0.023255813953488372,0.06976744186046512,0.06976744186046512,0.19767441860465115
MF0014,0007,disgust,0.14035087719298245,0.5789473684210527,0.03508771929824561,0.017543859649122806,0.017543859649122806,0.14035087719298245,0.07017543859649122
MF0014,0007,happiness,0.05747126436781609,0.10344827586206896,0.08045977011494253,0.26436781609195403,0.12643678160919541,0.05747126436781609,0.3103448275862069
MF0014,0007,sadness,0.30337078651685395,0.02247191011235955,0.056179775280898875,0.033707865168539325,0.21348314606741572,0.02247191011235955,0.34831460674157305
MF0014,0007,surprise,0.010309278350515464,0.010309278350515464,0.14432989690721648,NA,NA,0.8247422680412371,0.010309278350515464
MF0014,0008,anger,0.30927835051546393,0.09278350515463918,0.010309278350515464,NA,0.29896907216494845,NA,0.28865979381443296
MF0014,0008,disgust,0.06976744186046512,0.19767441860465115,0.03488372093023256,0.023255813953488372,0.19767441860465115,0.05813953488372093,0.4186046511627907
MF0014,0008,happiness,NA,0.010309278350515464,NA,0.9690721649484536,NA,0.010309278350515464,0.010309278350515464
MF0014,0008,surprise,0.011235955056179775,0.02247191011235955,0.02247191011235955,0.011235955056179775,0.011235955056179775,0.8876404494382022,0.033707865168539325
MF0014,0009,anger,0.6597938144329897,0.07216494845360824,0.010309278350515464,0.010309278350515464,0.15463917525773196,0.020618556701030927,0.07216494845360824
MF0014,0009,disgust,0.19767441860465115,0.1744186046511628,0.06976744186046512,NA,0.38372093023255816,0.09302325581395349,0.08139534883720931
MF0014,0009,happiness,NA,0.010309278350515464,0.030927835051546393,0.7319587628865979,0.010309278350515464,0.020618556701030927,0.1958762886597938
MF0014,0009,sadness,0.11494252873563218,0.034482758620689655,0.05747126436781609,0.022988505747126436,0.7011494252873564,0.022988505747126436,0.04597701149425287
MF0014,0009,surprise,NA,0.011235955056179775,0.2247191011235955,0.011235955056179775,0.02247191011235955,0.6629213483146067,0.06741573033707865
MF0014,0010,anger,0.2268041237113402,0.12371134020618557,0.041237113402061855,NA,0.1958762886597938,0.25773195876288657,0.15463917525773196
MF0014,0010,happiness,0.010309278350515464,NA,0.030927835051546393,0.8762886597938144,0.010309278350515464,0.010309278350515464,0.061855670103092786
MF0014,0010,sadness,0.06896551724137931,0.09195402298850575,0.022988505747126436,0.011494252873563218,0.6551724137931034,0.05747126436781609,0.09195402298850575
MF0015,0001,anger,0.5360824742268041,0.09278350515463918,0.010309278350515464,NA,0.24742268041237114,0.020618556701030927,0.09278350515463918
MF0015,0001,disgust,0.47674418604651164,0.4883720930232558,NA,0.011627906976744186,0.011627906976744186,NA,0.011627906976744186
MF0015,0001,fear,0.5789473684210527,0.12280701754385964,0.017543859649122806,NA,0.22807017543859648,NA,0.05263157894736842
MF0015,0001,happiness,0.010309278350515464,0.010309278350515464,NA,0.9072164948453608,NA,0.030927835051546393,0.041237113402061855
MF0015,0001,sadness,0.3563218390804598,0.034482758620689655,0.011494252873563218,0.011494252873563218,0.47126436781609193,0.011494252873563218,0.10344827586206896
MF0015,0001,surprise,0.2808988764044944,0.033707865168539325,0.033707865168539325,0.02247191011235955,0.4044943820224719,0.02247191011235955,0.20224719101123595
MF0015,0002,anger,0.4329896907216495,0.041237113402061855,0.09278350515463918,NA,0.24742268041237114,0.020618556701030927,0.16494845360824742
MF0015,0002,disgust,0.011627906976744186,0.05813953488372093,0.1744186046511628,NA,0.26744186046511625,0.32558139534883723,0.16279069767441862
MF0015,0002,fear,0.017543859649122806,0.043859649122807015,0.2543859649122807,0.017543859649122806,0.07017543859649122,0.5263157894736842,0.07017543859649122
MF0015,0002,happiness,0.020618556701030927,0.020618556701030927,0.020618556701030927,0.7216494845360825,0.041237113402061855,0.05154639175257732,0.12371134020618557
MF0015,0002,sadness,0.06896551724137931,0.011494252873563218,0.06896551724137931,NA,0.7816091954022989,0.022988505747126436,0.04597701149425287
MF0015,0002,surprise,0.011235955056179775,0.033707865168539325,0.0449438202247191,NA,NA,0.898876404494382,0.011235955056179775
MF0015,0003,anger,0.1958762886597938,0.030927835051546393,0.08247422680412371,NA,0.36082474226804123,0.010309278350515464,0.31958762886597936
MF0015,0003,disgust,0.1744186046511628,0.03488372093023256,0.011627906976744186,NA,0.3953488372093023,0.023255813953488372,0.36046511627906974
MF0015,0003,fear,0.11403508771929824,0.02631578947368421,0.043859649122807015,0.017543859649122806,0.3333333333333333,0.008771929824561403,0.45614035087719296
MF0015,0003,happiness,0.020618556701030927,0.061855670103092786,0.010309278350515464,0.020618556701030927,0.2268041237113402,0.030927835051546393,0.6288659793814433
MF0015,0003,sadness,0.1839080459770115,0.06896551724137931,0.011494252873563218,0.011494252873563218,0.4482758620689655,NA,0.27586206896551724
MF0015,0003,surprise,0.10112359550561797,NA,0.0449438202247191,0.011235955056179775,0.24719101123595505,0.033707865168539325,0.5617977528089888
MF0015,0004,anger,0.13402061855670103,0.05154639175257732,0.020618556701030927,0.12371134020618557,0.25773195876288657,0.010309278350515464,0.4020618556701031
MF0015,0004,disgust,0.03488372093023256,0.10465116279069768,0.023255813953488372,0.313953488372093,0.12790697674418605,0.03488372093023256,0.36046511627906974
MF0015,0004,fear,0.043859649122807015,0.017543859649122806,0.03508771929824561,0.12280701754385964,0.07894736842105263,0.4473684210526316,0.2543859649122807
MF0015,0004,happiness,0.030927835051546393,0.061855670103092786,NA,0.711340206185567,0.041237113402061855,0.010309278350515464,0.14432989690721648
MF0015,0004,sadness,0.13793103448275862,0.05747126436781609,0.034482758620689655,0.034482758620689655,0.3563218390804598,0.011494252873563218,0.367816091954023
MF0015,0004,surprise,0.056179775280898875,0.033707865168539325,0.056179775280898875,0.011235955056179775,0.06741573033707865,0.3258426966292135,0.449438202247191
MF0015,0005,anger,0.3402061855670103,0.061855670103092786,NA,NA,0.28865979381443296,0.010309278350515464,0.29896907216494845
MF0015,0005,disgust,0.38372093023255816,0.23255813953488372,0.023255813953488372,NA,0.13953488372093023,0.09302325581395349,0.12790697674418605
MF0015,0005,fear,0.39473684210526316,0.14912280701754385,0.06140350877192982,0.008771929824561403,0.21929824561403508,0.03508771929824561,0.13157894736842105
MF0015,0005,happiness,0.061855670103092786,0.09278350515463918,0.030927835051546393,0.10309278350515463,0.16494845360824742,0.020618556701030927,0.5257731958762887
MF0015,0005,sadness,0.20689655172413793,0.022988505747126436,NA,0.022988505747126436,0.5402298850574713,0.011494252873563218,0.19540229885057472
MF0015,0005,surprise,0.07865168539325842,0.0449438202247191,0.06741573033707865,0.02247191011235955,0.2247191011235955,0.0449438202247191,0.5168539325842697
MF0015,0006,anger,0.061855670103092786,0.23711340206185566,0.020618556701030927,0.3917525773195876,0.14432989690721648,0.030927835051546393,0.1134020618556701
MF0015,0006,disgust,0.03488372093023256,0.45348837209302323,0.023255813953488372,0.3372093023255814,0.06976744186046512,0.023255813953488372,0.05813953488372093
MF0015,0006,fear,0.02631578947368421,0.043859649122807015,0.02631578947368421,0.5350877192982456,0.07017543859649122,0.008771929824561403,0.2894736842105263
MF0015,0006,happiness,0.010309278350515464,0.010309278350515464,NA,0.9690721649484536,NA,NA,0.010309278350515464
MF0015,0006,sadness,0.06896551724137931,0.04597701149425287,NA,0.4367816091954023,0.1724137931034483,0.011494252873563218,0.26436781609195403
MF0015,0006,surprise,NA,NA,NA,0.9775280898876404,NA,0.011235955056179775,0.011235955056179775
MF0015,0007,anger,0.5567010309278351,0.18556701030927836,0.020618556701030927,NA,0.16494845360824742,0.041237113402061855,0.030927835051546393
MF0015,0007,disgust,0.1744186046511628,0.4883720930232558,0.046511627906976744,NA,0.12790697674418605,0.08139534883720931,0.08139534883720931
MF0015,0007,fear,0.05263157894736842,0.11403508771929824,0.07017543859649122,0.03508771929824561,0.39473684210526316,0.043859649122807015,0.2894736842105263
MF0015,0007,happiness,0.010309278350515464,NA,NA,0.979381443298969,NA,NA,0.010309278350515464
MF0015,0007,sadness,0.13793103448275862,0.12643678160919541,0.04597701149425287,0.034482758620689655,0.5977011494252874,0.011494252873563218,0.04597701149425287
MF0015,0007,surprise,0.07865168539325842,0.033707865168539325,0.033707865168539325,0.033707865168539325,0.20224719101123595,0.0898876404494382,0.5280898876404494
MF0015,0008,anger,0.20618556701030927,0.041237113402061855,0.030927835051546393,NA,0.31958762886597936,0.010309278350515464,0.3917525773195876
MF0015,0008,disgust,0.16279069767441862,0.08139534883720931,0.06976744186046512,0.023255813953488372,0.313953488372093,0.023255813953488372,0.32558139534883723
MF0015,0008,fear,0.05263157894736842,0.02631578947368421,0.23684210526315788,0.02631578947368421,0.09649122807017543,0.2719298245614035,0.2894736842105263
MF0015,0008,happiness,NA,NA,NA,0.9896907216494846,NA,0.010309278350515464,NA
MF0015,0008,sadness,0.26436781609195403,0.04597701149425287,0.04597701149425287,NA,0.3793103448275862,0.011494252873563218,0.25287356321839083
MF0015,0008,surprise,NA,0.011235955056179775,0.011235955056179775,0.16853932584269662,0.011235955056179775,0.7415730337078652,0.056179775280898875
MF0015,0009,anger,0.09278350515463918,0.020618556701030927,0.24742268041237114,NA,0.422680412371134,0.020618556701030927,0.1958762886597938
MF0015,0009,disgust,0.05813953488372093,0.046511627906976744,0.26744186046511625,NA,0.45348837209302323,0.03488372093023256,0.13953488372093023
MF0015,0009,fear,0.017543859649122806,0.03508771929824561,0.08771929824561403,0.043859649122807015,0.21052631578947367,0.07017543859649122,0.5350877192982456
MF0015,0009,happiness,0.010309278350515464,0.020618556701030927,0.010309278350515464,0.8556701030927835,NA,0.020618556701030927,0.08247422680412371
MF0015,0009,sadness,0.05747126436781609,0.022988505747126436,0.08045977011494253,0.011494252873563218,0.6436781609195402,0.022988505747126436,0.16091954022988506
MF0015,0009,surprise,NA,NA,0.033707865168539325,0.30337078651685395,0.06741573033707865,0.11235955056179775,0.48314606741573035
MF0015,0010,anger,0.07216494845360824,0.041237113402061855,0.05154639175257732,0.010309278350515464,0.5567010309278351,NA,0.26804123711340205
MF0015,0010,disgust,NA,0.011627906976744186,0.046511627906976744,0.6046511627906976,0.16279069767441862,NA,0.1744186046511628
MF0015,0010,fear,NA,0.017543859649122806,0.02631578947368421,0.4473684210526316,0.18421052631578946,0.008771929824561403,0.3157894736842105
MF0015,0010,happiness,0.010309278350515464,NA,NA,0.9690721649484536,0.020618556701030927,NA,NA
MF0015,0010,sadness,0.05747126436781609,0.011494252873563218,0.08045977011494253,NA,0.7586206896551724,NA,0.09195402298850575
MF0015,0010,surprise,0.011235955056179775,0.011235955056179775,0.16853932584269662,0.033707865168539325,0.0449438202247191,0.5617977528089888,0.16853932584269662
MF0015,0011,anger,0.18556701030927836,0.010309278350515464,0.05154639175257732,NA,0.38144329896907214,0.05154639175257732,0.31958762886597936
MF0015,0011,disgust,0.05813953488372093,0.3488372093023256,0.09302325581395349,0.011627906976744186,0.06976744186046512,0.08139534883720931,0.3372093023255814
MF0015,0011,fear,0.03508771929824561,0.03508771929824561,0.07894736842105263,NA,0.05263157894736842,0.7192982456140351,0.07894736842105263
MF0015,0011,happiness,0.010309278350515464,0.010309278350515464,NA,0.9278350515463918,0.010309278350515464,0.010309278350515464,0.030927835051546393
MF0015,0011,sadness,0.13793103448275862,0.022988505747126436,0.08045977011494253,NA,0.4367816091954023,NA,0.3218390804597701
MF0015,0011,surprise,0.011235955056179775,0.0449438202247191,0.21348314606741572,NA,0.033707865168539325,0.6179775280898876,0.07865168539325842
MF0015,0012,anger,0.27835051546391754,0.09278350515463918,0.041237113402061855,0.010309278350515464,0.3917525773195876,0.020618556701030927,0.16494845360824742
MF0015,0012,disgust,0.20930232558139536,0.1744186046511628,0.05813953488372093,NA,0.32558139534883723,0.06976744186046512,0.16279069767441862
MF0015,0012,fear,0.09649122807017543,0.10526315789473684,0.043859649122807015,0.017543859649122806,0.23684210526315788,0.07017543859649122,0.4298245614035088
MF0015,0012,happiness,0.010309278350515464,0.030927835051546393,0.010309278350515464,0.8865979381443299,NA,0.010309278350515464,0.05154639175257732
MF0015,0012,sadness,0.14942528735632185,0.14942528735632185,0.022988505747126436,NA,0.47126436781609193,0.022988505747126436,0.1839080459770115
MF0015,0012,surprise,0.0898876404494382,0.07865168539325842,0.056179775280898875,0.011235955056179775,0.30337078651685395,0.2247191011235955,0.23595505617977527
MF0015,0013,anger,0.25773195876288657,0.30927835051546393,0.061855670103092786,NA,0.10309278350515463,0.1958762886597938,0.07216494845360824
MF0015,0013,disgust,0.05813953488372093,0.6162790697674418,0.06976744186046512,0.023255813953488372,0.12790697674418605,0.03488372093023256,0.06976744186046512
MF0015,0013,fear,0.017543859649122806,0.05263157894736842,0.07017543859649122,0.02631578947368421,0.008771929824561403,0.7017543859649122,0.12280701754385964
MF0015,0013,happiness,NA,0.020618556701030927,NA,0.8969072164948454,0.020618556701030927,0.010309278350515464,0.05154639175257732
MF0015,0013,sadness,0.16091954022988506,0.16091954022988506,0.09195402298850575,0.011494252873563218,0.3793103448275862,0.022988505747126436,0.1724137931034483
MF0015,0013,surprise,0.011235955056179775,NA,NA,0.02247191011235955,0.011235955056179775,0.9438202247191011,0.011235955056179775
MF0016,0001,anger,0.07216494845360824,0.020618556701030927,0.05154639175257732,0.030927835051546393,0.17525773195876287,0.020618556701030927,0.6288659793814433
MF0016,0001,disgust,0.023255813953488372,0.27906976744186046,0.1511627906976744,0.08139534883720931,0.11627906976744186,0.29069767441860467,0.05813953488372093
MF0016,0001,fear,0.008771929824561403,0.05263157894736842,0.45614035087719296,0.05263157894736842,0.05263157894736842,0.34210526315789475,0.03508771929824561
MF0016,0001,happiness,0.020618556701030927,0.010309278350515464,NA,0.8556701030927835,0.010309278350515464,0.020618556701030927,0.08247422680412371
MF0016,0001,sadness,0.04597701149425287,0.034482758620689655,0.06896551724137931,0.04597701149425287,0.25287356321839083,0.034482758620689655,0.5172413793103449
MF0016,0001,surprise,0.011235955056179775,NA,0.0449438202247191,0.02247191011235955,0.02247191011235955,0.8876404494382022,0.011235955056179775
MF0016,0002,anger,0.13402061855670103,0.07216494845360824,0.05154639175257732,0.020618556701030927,0.29896907216494845,0.010309278350515464,0.41237113402061853
MF0016,0002,disgust,0.11627906976744186,0.4069767441860465,0.05813953488372093,0.011627906976744186,0.26744186046511625,0.023255813953488372,0.11627906976744186
MF0016,0002,fear,0.11403508771929824,0.05263157894736842,0.2807017543859649,0.06140350877192982,0.17543859649122806,0.05263157894736842,0.2631578947368421
MF0016,0002,happiness,NA,NA,0.010309278350515464,0.9690721649484536,NA,NA,0.020618556701030927
MF0016,0002,sadness,0.25287356321839083,0.04597701149425287,0.034482758620689655,NA,0.5747126436781609,0.011494252873563218,0.08045977011494253
MF0016,0002,surprise,0.10112359550561797,0.20224719101123595,0.06741573033707865,0.07865168539325842,0.11235955056179775,0.0898876404494382,0.34831460674157305
MF0016,0003,anger,0.1958762886597938,0.061855670103092786,0.05154639175257732,0.010309278350515464,0.3711340206185567,0.020618556701030927,0.28865979381443296
MF0016,0003,disgust,0.03488372093023256,0.05813953488372093,0.08139534883720931,0.16279069767441862,0.16279069767441862,0.09302325581395349,0.4069767441860465
MF0016,0003,fear,0.017543859649122806,0.11403508771929824,NA,0.45614035087719296,0.05263157894736842,0.10526315789473684,0.2543859649122807
MF0016,0003,happiness,NA,0.010309278350515464,NA,0.8041237113402062,0.061855670103092786,0.030927835051546393,0.09278350515463918
MF0016,0003,sadness,0.10344827586206896,0.1724137931034483,NA,0.011494252873563218,0.3333333333333333,0.034482758620689655,0.3448275862068966
MF0016,0003,surprise,0.033707865168539325,0.0449438202247191,0.06741573033707865,0.033707865168539325,0.11235955056179775,0.29213483146067415,0.4157303370786517
MF0016,0004,anger,0.6494845360824743,0.041237113402061855,0.020618556701030927,NA,0.15463917525773196,0.05154639175257732,0.08247422680412371
MF0016,0004,disgust,0.06976744186046512,0.38372093023255816,0.10465116279069768,0.011627906976744186,0.22093023255813954,0.06976744186046512,0.13953488372093023
MF0016,0004,fear,0.11403508771929824,0.14035087719298245,0.15789473684210525,NA,0.3157894736842105,0.07017543859649122,0.20175438596491227
MF0016,0004,happiness,0.030927835051546393,0.010309278350515464,0.010309278350515464,0.6082474226804123,0.07216494845360824,0.041237113402061855,0.2268041237113402
MF0016,0004,sadness,0.20689655172413793,0.04597701149425287,0.05747126436781609,0.011494252873563218,0.4367816091954023,0.011494252873563218,0.22988505747126436
MF0016,0004,surprise,0.02247191011235955,NA,0.10112359550561797,0.2247191011235955,0.11235955056179775,0.15730337078651685,0.38202247191011235
MF0016,0005,anger,0.14432989690721648,0.041237113402061855,0.05154639175257732,0.010309278350515464,0.4742268041237113,NA,0.27835051546391754
MF0016,0005,disgust,0.08139534883720931,0.2558139534883721,0.023255813953488372,0.08139534883720931,0.29069767441860467,0.06976744186046512,0.19767441860465115
MF0016,0005,fear,0.06140350877192982,0.03508771929824561,0.06140350877192982,0.017543859649122806,0.5175438596491229,NA,0.30701754385964913
MF0016,0005,happiness,0.020618556701030927,0.010309278350515464,0.020618556701030927,0.9072164948453608,0.010309278350515464,0.020618556701030927,0.010309278350515464
MF0016,0005,sadness,0.06896551724137931,0.04597701149425287,0.09195402298850575,0.011494252873563218,0.5057471264367817,0.011494252873563218,0.26436781609195403
MF0016,0005,surprise,0.033707865168539325,0.011235955056179775,0.033707865168539325,0.056179775280898875,0.34831460674157305,0.02247191011235955,0.4943820224719101
MF0016,0006,anger,0.21649484536082475,0.030927835051546393,0.041237113402061855,0.061855670103092786,0.17525773195876287,0.020618556701030927,0.4536082474226804
MF0016,0006,disgust,0.03488372093023256,0.38372093023255816,0.11627906976744186,0.313953488372093,0.023255813953488372,0.023255813953488372,0.10465116279069768
MF0016,0006,fear,0.017543859649122806,0.06140350877192982,0.21929824561403508,0.17543859649122806,0.05263157894736842,0.18421052631578946,0.2894736842105263
MF0016,0006,happiness,0.020618556701030927,NA,NA,0.9175257731958762,0.010309278350515464,0.010309278350515464,0.041237113402061855
MF0016,0006,sadness,0.04597701149425287,0.05747126436781609,0.12643678160919541,NA,0.5747126436781609,0.034482758620689655,0.16091954022988506
MF0016,0006,surprise,0.02247191011235955,NA,0.033707865168539325,0.056179775280898875,NA,0.8764044943820225,0.011235955056179775
MF0016,0007,anger,0.17525773195876287,0.1134020618556701,0.061855670103092786,0.020618556701030927,0.2268041237113402,0.010309278350515464,0.3917525773195876
MF0016,0007,disgust,0.06976744186046512,0.09302325581395349,0.09302325581395349,NA,0.36046511627906974,0.05813953488372093,0.32558139534883723
MF0016,0007,fear,0.09649122807017543,0.07894736842105263,0.12280701754385964,0.008771929824561403,0.3157894736842105,0.017543859649122806,0.35964912280701755
MF0016,0007,happiness,0.041237113402061855,0.07216494845360824,0.020618556701030927,0.26804123711340205,0.14432989690721648,0.08247422680412371,0.3711340206185567
MF0016,0007,sadness,0.06896551724137931,0.022988505747126436,0.12643678160919541,NA,0.4367816091954023,0.05747126436781609,0.28735632183908044
MF0016,0007,surprise,0.011235955056179775,0.0449438202247191,0.14606741573033707,0.011235955056179775,0.011235955056179775,0.6966292134831461,0.07865168539325842
MF0016,0008,anger,0.6082474226804123,0.020618556701030927,0.08247422680412371,0.020618556701030927,0.07216494845360824,0.08247422680412371,0.1134020618556701
MF0016,0008,disgust,0.18604651162790697,0.3023255813953488,0.16279069767441862,0.011627906976744186,0.11627906976744186,0.10465116279069768,0.11627906976744186
MF0016,0008,fear,0.03508771929824561,0.03508771929824561,0.3157894736842105,NA,0.07017543859649122,0.4649122807017544,0.07894736842105263
MF0016,0008,happiness,0.05154639175257732,0.09278350515463918,0.061855670103092786,0.30927835051546393,0.07216494845360824,0.05154639175257732,0.36082474226804123
MF0016,0008,sadness,0.14942528735632185,0.05747126436781609,0.04597701149425287,0.022988505747126436,0.5057471264367817,0.011494252873563218,0.20689655172413793
MF0016,0008,surprise,0.011235955056179775,0.011235955056179775,0.11235955056179775,0.033707865168539325,0.011235955056179775,0.797752808988764,0.02247191011235955
MF0016,0009,anger,0.7422680412371134,0.010309278350515464,0.030927835051546393,NA,0.10309278350515463,0.061855670103092786,0.05154639175257732
MF0016,0009,disgust,0.16279069767441862,0.6046511627906976,0.023255813953488372,NA,0.16279069767441862,0.023255813953488372,0.023255813953488372
MF0016,0009,fear,0.043859649122807015,NA,0.21052631578947367,0.02631578947368421,0.2543859649122807,0.15789473684210525,0.30701754385964913
MF0016,0009,happiness,0.030927835051546393,0.020618556701030927,0.030927835051546393,0.5773195876288659,0.041237113402061855,0.030927835051546393,0.26804123711340205
MF0016,0009,sadness,0.367816091954023,0.034482758620689655,0.06896551724137931,NA,0.3563218390804598,0.034482758620689655,0.13793103448275862
MF0016,0009,surprise,0.0898876404494382,0.011235955056179775,0.16853932584269662,NA,0.16853932584269662,0.29213483146067415,0.2696629213483146
MF0016,0010,anger,0.041237113402061855,0.30927835051546393,0.09278350515463918,0.010309278350515464,0.27835051546391754,0.041237113402061855,0.2268041237113402
MF0016,0010,disgust,0.023255813953488372,0.7093023255813954,0.046511627906976744,0.05813953488372093,0.10465116279069768,0.03488372093023256,0.023255813953488372
MF0016,0010,fear,0.017543859649122806,0.30701754385964913,0.12280701754385964,0.2543859649122807,0.12280701754385964,0.07894736842105263,0.09649122807017543
MF0016,0010,happiness,0.010309278350515464,0.010309278350515464,NA,0.9690721649484536,NA,NA,0.010309278350515464
MF0016,0010,sadness,0.09195402298850575,0.16091954022988506,0.022988505747126436,NA,0.5517241379310345,0.04597701149425287,0.12643678160919541
MF0016,0010,surprise,0.011235955056179775,0.06741573033707865,0.056179775280898875,0.0449438202247191,0.0449438202247191,0.5056179775280899,0.2696629213483146
MF0017,0004,anger,0.13402061855670103,0.1134020618556701,0.08247422680412371,NA,0.26804123711340205,0.09278350515463918,0.30927835051546393
MF0017,0004,disgust,0.03488372093023256,0.3953488372093023,0.05813953488372093,0.011627906976744186,0.12790697674418605,0.3023255813953488,0.06976744186046512
MF0017,0004,fear,0.02631578947368421,NA,0.05263157894736842,0.12280701754385964,0.11403508771929824,0.2894736842105263,0.39473684210526316
MF0017,0004,happiness,NA,0.041237113402061855,0.010309278350515464,0.5979381443298969,0.10309278350515463,0.041237113402061855,0.20618556701030927
MF0017,0004,sadness,0.08045977011494253,0.05747126436781609,0.022988505747126436,0.08045977011494253,0.3103448275862069,0.011494252873563218,0.4367816091954023
MF0017,0004,surprise,NA,0.0449438202247191,0.0449438202247191,0.3595505617977528,0.056179775280898875,0.3595505617977528,0.1348314606741573
MF0017,0005,anger,0.030927835051546393,0.061855670103092786,0.18556701030927836,0.020618556701030927,0.41237113402061853,0.08247422680412371,0.20618556701030927
MF0017,0005,disgust,0.046511627906976744,0.2441860465116279,0.11627906976744186,0.09302325581395349,0.3023255813953488,0.08139534883720931,0.11627906976744186
MF0017,0005,fear,0.008771929824561403,0.008771929824561403,0.15789473684210525,0.05263157894736842,0.45614035087719296,0.07017543859649122,0.24561403508771928
MF0017,0005,happiness,NA,0.020618556701030927,0.010309278350515464,0.9381443298969072,NA,NA,0.030927835051546393
MF0017,0005,sadness,0.04597701149425287,0.011494252873563218,0.11494252873563218,0.06896551724137931,0.40229885057471265,0.06896551724137931,0.28735632183908044
MF0017,0005,surprise,0.011235955056179775,0.011235955056179775,0.07865168539325842,0.033707865168539325,0.06741573033707865,0.7528089887640449,0.0449438202247191
MF0017,0006,anger,0.1134020618556701,0.4845360824742268,0.05154639175257732,0.10309278350515463,NA,0.1958762886597938,0.05154639175257732
MF0017,0006,disgust,0.046511627906976744,0.872093023255814,NA,NA,0.023255813953488372,0.046511627906976744,0.011627906976744186
MF0017,0006,fear,0.03508771929824561,0.03508771929824561,0.017543859649122806,0.02631578947368421,0.008771929824561403,0.8508771929824561,0.02631578947368421
MF0017,0006,happiness,NA,NA,NA,0.9896907216494846,0.010309278350515464,NA,NA
MF0017,0006,sadness,0.10344827586206896,0.4942528735632184,0.08045977011494253,0.10344827586206896,0.12643678160919541,0.022988505747126436,0.06896551724137931
MF0017,0006,surprise,NA,NA,0.011235955056179775,0.3707865168539326,NA,0.6179775280898876,NA
MF0017,0008,anger,0.3711340206185567,0.25773195876288657,0.020618556701030927,NA,0.05154639175257732,0.24742268041237114,0.05154639175257732
MF0017,0008,disgust,0.08139534883720931,0.36046511627906974,0.16279069767441862,NA,0.1744186046511628,0.18604651162790697,0.03488372093023256
MF0017,0008,fear,0.02631578947368421,0.09649122807017543,0.12280701754385964,0.06140350877192982,0.05263157894736842,0.4473684210526316,0.19298245614035087
MF0017,0008,happiness,0.010309278350515464,0.07216494845360824,0.030927835051546393,0.7938144329896907,0.010309278350515464,0.030927835051546393,0.05154639175257732
MF0017,0008,sadness,0.034482758620689655,0.034482758620689655,0.08045977011494253,NA,0.735632183908046,NA,0.11494252873563218
MF0017,0008,surprise,0.033707865168539325,0.033707865168539325,0.24719101123595505,NA,0.02247191011235955,0.6067415730337079,0.056179775280898875
MF0017,0009,anger,0.44329896907216493,0.3402061855670103,0.010309278350515464,NA,0.09278350515463918,0.030927835051546393,0.08247422680412371
MF0017,0009,disgust,0.2558139534883721,0.6976744186046512,NA,NA,0.03488372093023256,NA,0.011627906976744186
MF0017,0009,fear,0.05263157894736842,0.11403508771929824,0.07017543859649122,0.017543859649122806,0.18421052631578946,0.3684210526315789,0.19298245614035087
MF0017,0009,happiness,0.010309278350515464,NA,NA,0.979381443298969,NA,NA,0.010309278350515464
MF0018,0001,anger,0.3402061855670103,0.5463917525773195,0.010309278350515464,NA,0.010309278350515464,0.07216494845360824,0.020618556701030927
MF0018,0001,disgust,0.08139534883720931,0.8255813953488372,NA,NA,0.023255813953488372,0.05813953488372093,0.011627906976744186
MF0018,0001,fear,0.017543859649122806,0.008771929824561403,0.2719298245614035,NA,NA,0.6842105263157895,0.017543859649122806
MF0018,0001,happiness,NA,NA,0.010309278350515464,0.9896907216494846,NA,NA,NA
MF0018,0001,sadness,0.19540229885057472,0.034482758620689655,0.011494252873563218,NA,0.5287356321839081,0.022988505747126436,0.20689655172413793
MF0018,0001,surprise,0.011235955056179775,NA,NA,0.2808988764044944,0.02247191011235955,0.6853932584269663,NA
MF0018,0002,anger,0.4020618556701031,0.14432989690721648,0.041237113402061855,0.010309278350515464,0.28865979381443296,0.09278350515463918,0.020618556701030927
MF0018,0002,disgust,0.03488372093023256,0.5,0.03488372093023256,0.023255813953488372,0.313953488372093,0.03488372093023256,0.05813953488372093
MF0018,0002,fear,NA,0.017543859649122806,0.08771929824561403,0.03508771929824561,0.008771929824561403,0.8421052631578947,0.008771929824561403
MF0018,0002,happiness,0.010309278350515464,NA,NA,0.979381443298969,NA,0.010309278350515464,NA
MF0018,0002,sadness,0.011494252873563218,0.11494252873563218,0.05747126436781609,0.022988505747126436,0.7241379310344828,0.034482758620689655,0.034482758620689655
MF0018,0002,surprise,NA,NA,NA,0.0449438202247191,0.02247191011235955,0.9213483146067416,0.011235955056179775
MF0018,0003,anger,0.5876288659793815,0.13402061855670103,0.010309278350515464,0.020618556701030927,0.10309278350515463,0.07216494845360824,0.07216494845360824
MF0018,0003,disgust,0.1511627906976744,0.5,0.03488372093023256,NA,0.05813953488372093,0.20930232558139536,0.046511627906976744
MF0018,0003,fear,NA,NA,0.08771929824561403,0.017543859649122806,0.008771929824561403,0.8596491228070176,0.02631578947368421
MF0018,0003,happiness,NA,NA,NA,1,NA,NA,NA
MF0018,0003,sadness,0.08045977011494253,0.3333333333333333,0.011494252873563218,0.011494252873563218,0.5172413793103449,0.034482758620689655,0.011494252873563218
MF0018,0003,surprise,NA,NA,0.011235955056179775,0.1797752808988764,0.011235955056179775,0.7752808988764045,0.02247191011235955
MF0018,0004,anger,0.8314606741573034,0.033707865168539325,0.011235955056179775,NA,0.0898876404494382,0.02247191011235955,0.011235955056179775
MF0018,0004,disgust,0.08247422680412371,0.8762886597938144,NA,NA,0.010309278350515464,0.030927835051546393,NA
MF0018,0004,fear,0.023255813953488372,NA,0.32558139534883723,NA,0.011627906976744186,0.6395348837209303,NA
MF0018,0004,happiness,NA,NA,NA,1,NA,NA,NA
MF0018,0004,sadness,0.07216494845360824,0.14432989690721648,0.010309278350515464,NA,0.7422680412371134,0.010309278350515464,0.020618556701030927
MF0018,0004,surprise,NA,0.011494252873563218,0.05747126436781609,0.04597701149425287,NA,0.8850574712643678,NA
MF0018,0005,anger,0.16853932584269662,0.23595505617977527,0.0449438202247191,0.056179775280898875,0.0898876404494382,0.23595505617977527,0.16853932584269662
MF0018,0005,disgust,0.05154639175257732,0.27835051546391754,0.09278350515463918,0.1134020618556701,0.15463917525773196,0.16494845360824742,0.14432989690721648
MF0018,0005,fear,0.011627906976744186,0.023255813953488372,0.12790697674418605,0.046511627906976744,0.10465116279069768,0.3953488372093023,0.29069767441860467
MF0018,0005,happiness,0.008771929824561403,0.008771929824561403,NA,0.956140350877193,0.008771929824561403,0.008771929824561403,0.008771929824561403
MF0018,0005,sadness,0.13402061855670103,0.07216494845360824,0.020618556701030927,0.24742268041237114,0.16494845360824742,0.041237113402061855,0.31958762886597936
MF0018,0005,surprise,NA,NA,0.04597701149425287,0.45977011494252873,0.011494252873563218,0.39080459770114945,0.09195402298850575
MF0018,0006,anger,0.5842696629213483,0.11235955056179775,NA,0.011235955056179775,0.1348314606741573,0.02247191011235955,0.1348314606741573
MF0018,0006,disgust,0.12371134020618557,0.6597938144329897,0.010309278350515464,0.010309278350515464,0.12371134020618557,0.05154639175257732,0.020618556701030927
MF0018,0006,fear,0.06976744186046512,0.03488372093023256,0.29069767441860467,0.011627906976744186,0.05813953488372093,0.43023255813953487,0.10465116279069768
MF0018,0006,happiness,0.008771929824561403,0.008771929824561403,0.008771929824561403,0.8596491228070176,0.02631578947368421,0.008771929824561403,0.07894736842105263
MF0018,0006,sadness,0.1958762886597938,0.1134020618556701,0.05154639175257732,0.010309278350515464,0.5257731958762887,NA,0.10309278350515463
MF0018,0006,surprise,0.011494252873563218,0.011494252873563218,0.05747126436781609,0.47126436781609193,0.011494252873563218,0.3448275862068966,0.09195402298850575
MF0018,0007,anger,0.7640449438202247,0.011235955056179775,0.033707865168539325,NA,0.11235955056179775,0.02247191011235955,0.056179775280898875
MF0018,0007,disgust,0.020618556701030927,0.8556701030927835,0.061855670103092786,0.010309278350515464,0.010309278350515464,0.041237113402061855,NA
MF0018,0007,fear,0.03488372093023256,0.011627906976744186,0.12790697674418605,0.05813953488372093,0.09302325581395349,0.3372093023255814,0.3372093023255814
MF0018,0007,happiness,NA,NA,NA,0.9912280701754386,NA,0.008771929824561403,NA
MF0018,0007,sadness,0.07216494845360824,0.26804123711340205,0.041237113402061855,0.061855670103092786,0.4536082474226804,0.010309278350515464,0.09278350515463918
MF0018,0007,surprise,0.011494252873563218,0.05747126436781609,0.08045977011494253,0.06896551724137931,0.034482758620689655,0.5057471264367817,0.2413793103448276
MF0018,0008,anger,0.4157303370786517,0.10112359550561797,0.033707865168539325,NA,0.4044943820224719,0.02247191011235955,0.02247191011235955
MF0018,0008,disgust,0.10309278350515463,0.7319587628865979,0.030927835051546393,NA,0.061855670103092786,0.061855670103092786,0.010309278350515464
MF0018,0008,fear,0.3023255813953488,0.08139534883720931,0.1744186046511628,0.023255813953488372,0.023255813953488372,0.36046511627906974,0.03488372093023256
MF0018,0008,happiness,NA,NA,0.008771929824561403,0.9736842105263158,NA,0.008771929824561403,0.008771929824561403
MF0018,0008,sadness,0.24742268041237114,0.061855670103092786,0.13402061855670103,NA,0.4639175257731959,0.020618556701030927,0.07216494845360824
MF0018,0008,surprise,NA,NA,NA,0.8735632183908046,NA,0.12643678160919541,NA
MF0018,0009,anger,0.21348314606741572,0.02247191011235955,0.07865168539325842,0.06741573033707865,0.23595505617977527,0.011235955056179775,0.3707865168539326
MF0018,0009,disgust,0.09278350515463918,0.41237113402061853,0.1134020618556701,0.030927835051546393,0.1134020618556701,0.10309278350515463,0.13402061855670103
MF0018,0009,fear,0.046511627906976744,0.023255813953488372,0.06976744186046512,0.046511627906976744,0.1511627906976744,0.3023255813953488,0.36046511627906974
MF0018,0009,happiness,0.008771929824561403,NA,NA,0.956140350877193,0.008771929824561403,0.008771929824561403,0.017543859649122806
MF0018,0009,sadness,0.08247422680412371,0.07216494845360824,0.08247422680412371,0.010309278350515464,0.35051546391752575,0.020618556701030927,0.38144329896907214
MF0018,0009,surprise,NA,NA,0.022988505747126436,0.16091954022988506,NA,0.8045977011494253,0.011494252873563218
MF0018,0010,anger,0.5280898876404494,0.0898876404494382,0.011235955056179775,NA,0.20224719101123595,0.02247191011235955,0.14606741573033707
MF0018,0010,disgust,0.17525773195876287,0.6185567010309279,0.010309278350515464,0.05154639175257732,0.041237113402061855,0.061855670103092786,0.041237113402061855
MF0018,0010,fear,0.023255813953488372,0.011627906976744186,0.13953488372093023,0.011627906976744186,0.09302325581395349,0.5581395348837209,0.16279069767441862
MF0018,0010,happiness,NA,0.008771929824561403,NA,0.9912280701754386,NA,NA,NA
MF0018,0010,sadness,0.09278350515463918,0.061855670103092786,0.061855670103092786,NA,0.5360824742268041,NA,0.24742268041237114
MF0018,0010,surprise,NA,NA,NA,NA,NA,1,NA
MF0018,0011,anger,0.16853932584269662,0.06741573033707865,0.15730337078651685,0.0449438202247191,0.2247191011235955,0.011235955056179775,0.3258426966292135
MF0018,0011,disgust,0.1134020618556701,0.2268041237113402,0.10309278350515463,0.020618556701030927,0.21649484536082475,0.061855670103092786,0.25773195876288657
MF0018,0011,fear,0.023255813953488372,0.05813953488372093,0.19767441860465115,NA,0.03488372093023256,0.6395348837209303,0.046511627906976744
MF0018,0011,happiness,NA,0.017543859649122806,NA,0.9298245614035088,0.008771929824561403,0.017543859649122806,0.02631578947368421
MF0018,0011,sadness,0.061855670103092786,0.10309278350515463,0.030927835051546393,0.010309278350515464,0.31958762886597936,0.05154639175257732,0.422680412371134
MF0018,0011,surprise,0.011494252873563218,0.04597701149425287,0.10344827586206896,0.034482758620689655,NA,0.735632183908046,0.06896551724137931
MF0021,0001,anger,NA,0.02247191011235955,0.02247191011235955,0.7191011235955056,0.033707865168539325,0.056179775280898875,0.14606741573033707
MF0021,0001,disgust,NA,NA,NA,0.8144329896907216,NA,0.1134020618556701,0.07216494845360824
MF0021,0001,fear,NA,0.011627906976744186,0.011627906976744186,0.36046511627906974,NA,0.6162790697674418,NA
MF0021,0001,happiness,NA,NA,NA,0.956140350877193,0.017543859649122806,0.008771929824561403,0.017543859649122806
MF0021,0001,sadness,0.041237113402061855,0.010309278350515464,NA,0.5257731958762887,0.041237113402061855,0.05154639175257732,0.32989690721649484
MF0021,0001,surprise,NA,NA,NA,0.6206896551724138,NA,0.3793103448275862,NA
MF0021,0002,anger,0.0449438202247191,0.033707865168539325,0.0898876404494382,0.033707865168539325,0.19101123595505617,0.1348314606741573,0.47191011235955055
MF0021,0002,disgust,NA,0.32989690721649484,0.23711340206185566,0.020618556701030927,NA,0.30927835051546393,0.10309278350515463
MF0021,0002,fear,NA,0.03488372093023256,0.08139534883720931,0.5116279069767442,0.08139534883720931,0.09302325581395349,0.19767441860465115
MF0021,0002,happiness,NA,NA,NA,0.9824561403508771,0.008771929824561403,0.008771929824561403,NA
MF0021,0002,sadness,0.030927835051546393,0.15463917525773196,0.020618556701030927,0.030927835051546393,0.27835051546391754,0.010309278350515464,0.4742268041237113
MF0021,0002,surprise,0.034482758620689655,0.09195402298850575,0.16091954022988506,0.034482758620689655,0.12643678160919541,0.2413793103448276,0.3103448275862069
MF0021,0003,happiness,NA,0.008771929824561403,NA,0.9912280701754386,NA,NA,NA
MF0021,0004,anger,0.16853932584269662,0.0449438202247191,0.033707865168539325,0.02247191011235955,0.16853932584269662,0.011235955056179775,0.550561797752809
MF0021,0004,disgust,0.08247422680412371,0.20618556701030927,0.041237113402061855,0.061855670103092786,0.1958762886597938,0.12371134020618557,0.28865979381443296
MF0021,0004,fear,0.10465116279069768,0.046511627906976744,0.011627906976744186,0.06976744186046512,0.09302325581395349,0.03488372093023256,0.6395348837209303
MF0021,0004,happiness,NA,NA,NA,0.9824561403508771,NA,0.017543859649122806,NA
MF0021,0004,sadness,0.16494845360824742,0.07216494845360824,0.020618556701030927,0.020618556701030927,0.27835051546391754,0.030927835051546393,0.41237113402061853
MF0021,0004,surprise,NA,NA,0.04597701149425287,0.39080459770114945,0.034482758620689655,0.034482758620689655,0.4942528735632184
MF0021,0005,happiness,NA,NA,NA,0.9912280701754386,NA,NA,0.008771929824561403
MF0021,0005,sadness,0.05154639175257732,0.08247422680412371,0.09278350515463918,NA,0.6907216494845361,NA,0.08247422680412371
MF0021,0005,surprise,0.011494252873563218,NA,NA,0.6781609195402298,NA,0.2988505747126437,0.011494252873563218
MF0021,0006,anger,0.11235955056179775,0.6741573033707865,NA,0.02247191011235955,0.0898876404494382,NA,0.10112359550561797
MF0021,0006,disgust,0.07216494845360824,0.5463917525773195,0.010309278350515464,0.030927835051546393,0.10309278350515463,0.041237113402061855,0.1958762886597938
MF0021,0006,fear,0.08139534883720931,0.3488372093023256,0.16279069767441862,0.011627906976744186,0.11627906976744186,0.05813953488372093,0.22093023255813954
MF0021,0006,happiness,NA,0.017543859649122806,NA,0.9824561403508771,NA,NA,NA
MF0021,0006,sadness,0.16494845360824742,0.20618556701030927,0.041237113402061855,0.010309278350515464,0.3402061855670103,0.020618556701030927,0.21649484536082475
MF0021,0006,surprise,NA,NA,NA,0.9310344827586207,NA,0.04597701149425287,0.022988505747126436
MF0021,0007,anger,0.06741573033707865,0.02247191011235955,0.07865168539325842,0.06741573033707865,0.15730337078651685,0.033707865168539325,0.5730337078651685
MF0021,0007,disgust,0.020618556701030927,0.10309278350515463,0.10309278350515463,0.41237113402061853,0.061855670103092786,0.05154639175257732,0.24742268041237114
MF0021,0007,fear,0.011627906976744186,0.03488372093023256,0.16279069767441862,0.08139534883720931,0.03488372093023256,0.47674418604651164,0.19767441860465115
MF0021,0007,happiness,NA,NA,NA,1,NA,NA,NA
MF0021,0007,sadness,0.061855670103092786,0.15463917525773196,0.16494845360824742,0.061855670103092786,0.2268041237113402,0.05154639175257732,0.27835051546391754
MF0021,0007,surprise,0.011494252873563218,0.022988505747126436,0.25287356321839083,0.04597701149425287,0.022988505747126436,0.5057471264367817,0.13793103448275862
MF0021,0008,anger,0.1797752808988764,0.011235955056179775,0.011235955056179775,0.25842696629213485,0.10112359550561797,0.07865168539325842,0.3595505617977528
MF0021,0008,disgust,0.09278350515463918,0.7216494845360825,0.030927835051546393,0.030927835051546393,0.041237113402061855,0.041237113402061855,0.041237113402061855
MF0021,0008,fear,0.011627906976744186,NA,0.023255813953488372,0.6976744186046512,0.03488372093023256,0.12790697674418605,0.10465116279069768
MF0021,0008,happiness,NA,NA,NA,0.9824561403508771,NA,NA,0.017543859649122806
MF0021,0008,sadness,0.29896907216494845,0.07216494845360824,0.061855670103092786,0.05154639175257732,0.15463917525773196,0.020618556701030927,0.3402061855670103
MF0021,0008,surprise,0.011494252873563218,NA,0.011494252873563218,0.11494252873563218,NA,0.8275862068965517,0.034482758620689655
MF0021,0009,anger,NA,0.033707865168539325,NA,0.7528089887640449,0.011235955056179775,0.0449438202247191,0.15730337078651685
MF0021,0009,disgust,0.5051546391752577,0.041237113402061855,0.05154639175257732,0.030927835051546393,0.14432989690721648,0.020618556701030927,0.20618556701030927
MF0021,0009,fear,NA,0.011627906976744186,0.011627906976744186,0.8372093023255814,0.023255813953488372,0.06976744186046512,0.046511627906976744
MF0021,0009,happiness,NA,NA,NA,0.9649122807017544,NA,0.02631578947368421,0.008771929824561403
MF0021,0009,sadness,0.020618556701030927,0.020618556701030927,NA,0.7731958762886598,0.020618556701030927,0.041237113402061855,0.12371134020618557
MF0021,0009,surprise,NA,0.011494252873563218,NA,0.8275862068965517,0.011494252873563218,0.08045977011494253,0.06896551724137931
MF0021,0010,anger,0.1797752808988764,0.0898876404494382,0.02247191011235955,0.5617977528089888,0.02247191011235955,0.011235955056179775,0.11235955056179775
MF0021,0010,disgust,0.31958762886597936,0.5670103092783505,0.030927835051546393,NA,0.041237113402061855,0.010309278350515464,0.030927835051546393
MF0021,0010,fear,NA,0.011627906976744186,0.011627906976744186,0.023255813953488372,0.011627906976744186,0.9069767441860465,0.03488372093023256
MF0021,0010,happiness,0.008771929824561403,NA,NA,0.9035087719298246,NA,0.02631578947368421,0.06140350877192982
MF0021,0010,sadness,0.030927835051546393,0.08247422680412371,0.020618556701030927,0.09278350515463918,0.12371134020618557,0.1958762886597938,0.4536082474226804
MF0021,0010,surprise,NA,0.011494252873563218,0.022988505747126436,0.04597701149425287,0.011494252873563218,0.8735632183908046,0.034482758620689655
MF0022,0001,happiness,0.017543859649122806,NA,NA,0.9649122807017544,0.008771929824561403,NA,0.008771929824561403
MF0022,0002,happiness,NA,NA,NA,0.9824561403508771,NA,NA,0.017543859649122806
MF0022,0003,happiness,NA,NA,NA,0.9824561403508771,NA,0.017543859649122806,NA
MF0022,0004,happiness,NA,NA,NA,0.9912280701754386,0.008771929824561403,NA,NA
MF0022,0005,happiness,NA,0.008771929824561403,0.008771929824561403,0.9824561403508771,NA,NA,NA
MF0022,0006,happiness,0.008771929824561403,0.03508771929824561,NA,0.9035087719298246,0.017543859649122806,0.008771929824561403,0.02631578947368421
MF0022,0007,happiness,NA,NA,NA,0.9649122807017544,0.008771929824561403,0.017543859649122806,0.008771929824561403
MF0022,0008,happiness,NA,NA,NA,0.9824561403508771,0.008771929824561403,0.008771929824561403,NA
MF0022,0009,happiness,NA,NA,NA,0.9649122807017544,0.008771929824561403,0.017543859649122806,0.008771929824561403
MF0022,0010,happiness,NA,0.008771929824561403,0.008771929824561403,0.9736842105263158,NA,0.008771929824561403,NA
MF0023,0001,anger,0.20224719101123595,0.2247191011235955,0.0449438202247191,0.033707865168539325,0.14606741573033707,0.056179775280898875,0.29213483146067415
MF0023,0001,disgust,0.1134020618556701,0.18556701030927836,0.09278350515463918,0.010309278350515464,0.30927835051546393,0.08247422680412371,0.20618556701030927
MF0023,0001,fear,0.023255813953488372,0.05813953488372093,0.26744186046511625,0.03488372093023256,0.19767441860465115,0.13953488372093023,0.27906976744186046
MF0023,0001,happiness,0.008771929824561403,NA,NA,0.9649122807017544,0.008771929824561403,0.008771929824561403,0.008771929824561403
MF0023,0001,sadness,0.12371134020618557,0.05154639175257732,0.030927835051546393,0.041237113402061855,0.29896907216494845,0.041237113402061855,0.41237113402061853
MF0023,0001,surprise,NA,NA,NA,0.034482758620689655,NA,0.9655172413793104,NA
MF0023,0002,anger,0.011235955056179775,0.011235955056179775,0.033707865168539325,0.20224719101123595,0.20224719101123595,NA,0.5393258426966292
MF0023,0002,disgust,0.061855670103092786,NA,0.010309278350515464,0.05154639175257732,0.35051546391752575,0.010309278350515464,0.5154639175257731
MF0023,0002,fear,0.023255813953488372,0.023255813953488372,0.05813953488372093,0.046511627906976744,0.20930232558139536,0.09302325581395349,0.5465116279069767
MF0023,0002,happiness,NA,NA,NA,0.9912280701754386,0.008771929824561403,NA,NA
MF0023,0002,sadness,0.010309278350515464,0.041237113402061855,0.041237113402061855,0.14432989690721648,0.1958762886597938,0.041237113402061855,0.5257731958762887
MF0023,0002,surprise,0.011494252873563218,0.022988505747126436,0.034482758620689655,0.5977011494252874,0.034482758620689655,0.034482758620689655,0.26436781609195403
MF0023,0003,anger,0.4606741573033708,0.10112359550561797,0.02247191011235955,0.02247191011235955,0.15730337078651685,0.0449438202247191,0.19101123595505617
MF0023,0003,disgust,0.010309278350515464,0.8762886597938144,0.041237113402061855,0.010309278350515464,0.061855670103092786,NA,NA
MF0023,0003,fear,0.023255813953488372,0.1511627906976744,0.09302325581395349,0.3372093023255814,0.011627906976744186,0.26744186046511625,0.11627906976744186
MF0023,0003,happiness,NA,NA,NA,0.9824561403508771,NA,0.017543859649122806,NA
MF0023,0003,sadness,0.1134020618556701,0.061855670103092786,0.020618556701030927,0.010309278350515464,0.6597938144329897,0.010309278350515464,0.12371134020618557
MF0023,0003,surprise,NA,0.022988505747126436,0.12643678160919541,NA,0.011494252873563218,0.8275862068965517,0.011494252873563218
MF0023,0004,anger,0.011235955056179775,0.033707865168539325,0.02247191011235955,0.797752808988764,0.011235955056179775,0.011235955056179775,0.11235955056179775
MF0023,0004,disgust,0.041237113402061855,0.4020618556701031,0.18556701030927836,0.07216494845360824,0.12371134020618557,0.041237113402061855,0.13402061855670103
MF0023,0004,fear,0.023255813953488372,0.023255813953488372,0.3953488372093023,0.011627906976744186,0.3023255813953488,0.023255813953488372,0.22093023255813954
MF0023,0004,happiness,0.008771929824561403,NA,0.008771929824561403,0.956140350877193,0.008771929824561403,NA,0.017543859649122806
MF0023,0004,sadness,0.09278350515463918,0.041237113402061855,0.061855670103092786,0.010309278350515464,0.3711340206185567,0.020618556701030927,0.4020618556701031
MF0023,0004,surprise,0.011494252873563218,0.22988505747126436,0.1724137931034483,0.22988505747126436,NA,0.14942528735632185,0.20689655172413793
MF0023,0005,anger,0.0449438202247191,0.011235955056179775,NA,0.4157303370786517,0.0449438202247191,0.10112359550561797,0.38202247191011235
MF0023,0005,disgust,0.030927835051546393,0.09278350515463918,0.3711340206185567,NA,0.041237113402061855,0.422680412371134,0.041237113402061855
MF0023,0005,fear,NA,NA,NA,0.6511627906976745,0.011627906976744186,0.27906976744186046,0.05813953488372093
MF0023,0005,happiness,NA,0.008771929824561403,NA,0.9649122807017544,NA,0.017543859649122806,0.008771929824561403
MF0023,0005,sadness,0.020618556701030927,0.13402061855670103,0.09278350515463918,0.05154639175257732,0.36082474226804123,0.1134020618556701,0.2268041237113402
MF0023,0005,surprise,0.011494252873563218,NA,NA,0.40229885057471265,NA,0.5517241379310345,0.034482758620689655
MF0023,0006,anger,0.20224719101123595,NA,0.06741573033707865,0.02247191011235955,0.14606741573033707,NA,0.5617977528089888
MF0023,0006,disgust,0.041237113402061855,0.5257731958762887,0.010309278350515464,0.18556701030927836,0.05154639175257732,0.030927835051546393,0.15463917525773196
MF0023,0006,fear,NA,0.023255813953488372,0.1511627906976744,0.13953488372093023,0.046511627906976744,0.5,0.13953488372093023
MF0023,0006,happiness,NA,0.017543859649122806,NA,0.9824561403508771,NA,NA,NA
MF0023,0006,sadness,0.08247422680412371,0.14432989690721648,0.010309278350515464,0.13402061855670103,0.3711340206185567,0.010309278350515464,0.24742268041237114
MF0023,0006,surprise,0.06896551724137931,0.4482758620689655,0.011494252873563218,0.27586206896551724,0.08045977011494253,0.011494252873563218,0.10344827586206896
MF0023,0007,anger,0.5402298850574713,0.14942528735632185,0.04597701149425287,NA,0.11494252873563218,0.09195402298850575,0.05747126436781609
MF0023,0007,disgust,0.07865168539325842,0.8539325842696629,0.02247191011235955,0.011235955056179775,NA,0.02247191011235955,0.011235955056179775
MF0023,0007,fear,NA,0.010309278350515464,0.061855670103092786,NA,NA,0.9175257731958762,0.010309278350515464
MF0023,0007,happiness,NA,NA,NA,0.9883720930232558,NA,0.011627906976744186,NA
MF0023,0007,sadness,0.043859649122807015,0.05263157894736842,0.02631578947368421,0.008771929824561403,0.8421052631578947,NA,0.02631578947368421
MF0023,0007,surprise,NA,0.010309278350515464,0.010309278350515464,0.020618556701030927,NA,0.9381443298969072,0.020618556701030927
MF0023,0008,anger,0.3448275862068966,0.16091954022988506,0.09195402298850575,NA,0.2413793103448276,0.05747126436781609,0.10344827586206896
MF0023,0008,disgust,0.0449438202247191,0.9325842696629213,NA,NA,0.011235955056179775,NA,0.011235955056179775
MF0023,0008,fear,0.26804123711340205,0.18556701030927836,0.10309278350515463,0.010309278350515464,0.15463917525773196,0.17525773195876287,0.10309278350515463
MF0023,0008,happiness,NA,0.011627906976744186,NA,0.9767441860465116,0.011627906976744186,NA,NA
MF0023,0008,sadness,0.06140350877192982,0.34210526315789475,0.017543859649122806,0.008771929824561403,0.5087719298245614,0.02631578947368421,0.03508771929824561
MF0023,0008,surprise,NA,0.010309278350515464,NA,0.020618556701030927,NA,0.9587628865979382,0.010309278350515464
MF0023,0009,anger,0.7701149425287356,0.05747126436781609,0.034482758620689655,0.034482758620689655,NA,0.06896551724137931,0.034482758620689655
MF0023,0009,disgust,0.11235955056179775,0.8314606741573034,NA,0.011235955056179775,0.033707865168539325,NA,0.011235955056179775
MF0023,0009,fear,NA,NA,NA,0.20618556701030927,NA,0.7938144329896907,NA
MF0023,0009,happiness,NA,NA,NA,0.9767441860465116,0.011627906976744186,NA,0.011627906976744186
MF0023,0009,sadness,0.03508771929824561,0.06140350877192982,0.03508771929824561,0.008771929824561403,0.41228070175438597,0.14035087719298245,0.30701754385964913
MF0023,0009,surprise,0.010309278350515464,0.09278350515463918,0.41237113402061853,0.010309278350515464,0.020618556701030927,0.4329896907216495,0.020618556701030927
MF0023,0010,anger,0.2413793103448276,0.034482758620689655,0.04597701149425287,0.011494252873563218,0.3563218390804598,0.011494252873563218,0.2988505747126437
MF0023,0010,disgust,NA,0.16853932584269662,0.056179775280898875,0.6067415730337079,0.033707865168539325,0.02247191011235955,0.11235955056179775
MF0023,0010,fear,0.030927835051546393,0.010309278350515464,0.20618556701030927,0.030927835051546393,0.05154639175257732,0.44329896907216493,0.2268041237113402
MF0023,0010,happiness,0.011627906976744186,0.011627906976744186,NA,0.8255813953488372,NA,NA,0.1511627906976744
MF0023,0010,sadness,0.05263157894736842,0.008771929824561403,0.08771929824561403,0.02631578947368421,0.2807017543859649,0.08771929824561403,0.45614035087719296
MF0023,0010,surprise,0.041237113402061855,0.030927835051546393,0.15463917525773196,0.010309278350515464,0.05154639175257732,0.5360824742268041,0.17525773195876287
MF0024,0001,anger,0.39080459770114945,0.12643678160919541,0.04597701149425287,NA,0.3333333333333333,0.022988505747126436,0.08045977011494253
MF0024,0001,disgust,0.449438202247191,0.15730337078651685,0.011235955056179775,NA,0.2247191011235955,0.02247191011235955,0.1348314606741573
MF0024,0001,fear,0.041237113402061855,0.030927835051546393,0.05154639175257732,0.030927835051546393,0.15463917525773196,0.32989690721649484,0.36082474226804123
MF0024,0001,happiness,0.011627906976744186,0.03488372093023256,0.011627906976744186,0.813953488372093,0.046511627906976744,0.011627906976744186,0.06976744186046512
MF0024,0001,sadness,0.21052631578947367,0.08771929824561403,0.02631578947368421,NA,0.42105263157894735,0.02631578947368421,0.22807017543859648
MF0024,0001,surprise,0.07216494845360824,0.10309278350515463,0.09278350515463918,0.020618556701030927,0.16494845360824742,0.25773195876288657,0.28865979381443296
MF0024,0002,anger,0.12643678160919541,0.5632183908045977,0.13793103448275862,NA,0.11494252873563218,0.022988505747126436,0.034482758620689655
MF0024,0002,disgust,NA,0.3595505617977528,0.2247191011235955,0.011235955056179775,0.38202247191011235,0.02247191011235955,NA
MF0024,0002,fear,0.030927835051546393,0.25773195876288657,0.4742268041237113,0.030927835051546393,0.041237113402061855,0.13402061855670103,0.030927835051546393
MF0024,0002,happiness,NA,NA,NA,1,NA,NA,NA
MF0024,0002,sadness,0.08771929824561403,0.19298245614035087,0.09649122807017543,0.017543859649122806,0.5350877192982456,0.043859649122807015,0.02631578947368421
MF0024,0002,surprise,NA,0.041237113402061855,0.3917525773195876,0.010309278350515464,0.041237113402061855,0.4845360824742268,0.030927835051546393
MF0024,0003,anger,0.16091954022988506,0.08045977011494253,0.14942528735632185,NA,0.4827586206896552,0.022988505747126436,0.10344827586206896
MF0024,0003,disgust,0.12359550561797752,0.15730337078651685,0.14606741573033707,0.02247191011235955,0.42696629213483145,0.02247191011235955,0.10112359550561797
MF0024,0003,fear,NA,0.010309278350515464,0.061855670103092786,0.010309278350515464,0.020618556701030927,0.8865979381443299,0.010309278350515464
MF0024,0003,happiness,NA,NA,0.011627906976744186,0.9534883720930233,0.011627906976744186,0.011627906976744186,0.011627906976744186
MF0024,0003,sadness,0.06140350877192982,0.043859649122807015,0.07894736842105263,0.017543859649122806,0.6052631578947368,0.03508771929824561,0.15789473684210525
MF0024,0003,surprise,NA,0.010309278350515464,0.1134020618556701,0.010309278350515464,0.020618556701030927,0.8350515463917526,0.010309278350515464
MF0024,0004,anger,0.2988505747126437,0.04597701149425287,0.21839080459770116,NA,0.08045977011494253,0.21839080459770116,0.13793103448275862
MF0024,0004,disgust,0.07865168539325842,0.8089887640449438,0.02247191011235955,NA,0.0449438202247191,0.033707865168539325,0.011235955056179775
MF0024,0004,fear,0.09278350515463918,0.020618556701030927,0.23711340206185566,0.020618556701030927,NA,0.6288659793814433,NA
MF0024,0004,happiness,NA,NA,NA,1,NA,NA,NA
MF0024,0004,sadness,0.19298245614035087,0.017543859649122806,0.08771929824561403,0.008771929824561403,0.39473684210526316,0.03508771929824561,0.2631578947368421
MF0024,0004,surprise,0.030927835051546393,0.061855670103092786,0.020618556701030927,0.14432989690721648,0.020618556701030927,0.6907216494845361,0.030927835051546393
MF0024,0005,anger,0.14942528735632185,0.27586206896551724,0.034482758620689655,0.022988505747126436,0.16091954022988506,0.14942528735632185,0.20689655172413793
MF0024,0005,disgust,0.02247191011235955,0.8539325842696629,NA,0.02247191011235955,0.02247191011235955,0.0449438202247191,0.033707865168539325
MF0024,0005,fear,0.030927835051546393,0.020618556701030927,0.010309278350515464,0.09278350515463918,0.15463917525773196,0.09278350515463918,0.5979381443298969
MF0024,0005,happiness,NA,0.011627906976744186,NA,0.9767441860465116,NA,NA,0.011627906976744186
MF0024,0005,sadness,0.09649122807017543,0.13157894736842105,0.043859649122807015,0.02631578947368421,0.4298245614035088,0.05263157894736842,0.21929824561403508
MF0024,0005,surprise,0.020618556701030927,0.020618556701030927,NA,0.35051546391752575,0.041237113402061855,0.38144329896907214,0.18556701030927836
MF0024,0006,anger,0.7586206896551724,0.022988505747126436,0.05747126436781609,0.011494252873563218,0.08045977011494253,0.034482758620689655,0.034482758620689655
MF0024,0006,disgust,0.550561797752809,0.1348314606741573,0.0898876404494382,NA,0.07865168539325842,0.10112359550561797,0.0449438202247191
MF0024,0006,fear,0.1958762886597938,0.041237113402061855,0.27835051546391754,0.010309278350515464,0.05154639175257732,0.38144329896907214,0.041237113402061855
MF0024,0006,happiness,NA,NA,NA,1,NA,NA,NA
MF0024,0006,sadness,0.4473684210526316,0.06140350877192982,0.14035087719298245,NA,0.09649122807017543,0.08771929824561403,0.16666666666666666
MF0024,0006,surprise,NA,0.041237113402061855,0.041237113402061855,0.7938144329896907,NA,0.07216494845360824,0.05154639175257732
MF0024,0007,anger,0.3563218390804598,0.25287356321839083,0.022988505747126436,0.011494252873563218,0.12643678160919541,0.12643678160919541,0.10344827586206896
MF0024,0007,disgust,0.0898876404494382,0.4157303370786517,0.011235955056179775,0.02247191011235955,0.4157303370786517,NA,0.0449438202247191
MF0024,0007,fear,0.030927835051546393,0.041237113402061855,0.08247422680412371,0.05154639175257732,0.12371134020618557,0.3917525773195876,0.27835051546391754
MF0024,0007,happiness,NA,NA,NA,0.9883720930232558,NA,0.011627906976744186,NA
MF0024,0007,sadness,0.16666666666666666,0.12280701754385964,0.008771929824561403,0.017543859649122806,0.5614035087719298,0.008771929824561403,0.11403508771929824
MF0024,0007,surprise,0.030927835051546393,0.041237113402061855,0.030927835051546393,0.05154639175257732,0.12371134020618557,0.25773195876288657,0.4639175257731959
MF0024,0008,anger,0.21839080459770116,0.05747126436781609,0.12643678160919541,NA,0.39080459770114945,NA,0.20689655172413793
MF0024,0008,disgust,0.14606741573033707,NA,0.06741573033707865,0.011235955056179775,0.4044943820224719,0.011235955056179775,0.3595505617977528
MF0024,0008,fear,0.08247422680412371,NA,0.16494845360824742,0.010309278350515464,0.41237113402061853,0.020618556701030927,0.30927835051546393
MF0024,0008,happiness,0.03488372093023256,0.05813953488372093,0.03488372093023256,0.03488372093023256,0.45348837209302323,0.011627906976744186,0.37209302325581395
MF0024,0008,sadness,0.14912280701754385,0.05263157894736842,0.07894736842105263,0.008771929824561403,0.38596491228070173,0.008771929824561403,0.3157894736842105
MF0024,0008,surprise,0.05154639175257732,0.1134020618556701,0.08247422680412371,NA,0.4536082474226804,0.020618556701030927,0.27835051546391754
MF0024,0009,anger,0.4482758620689655,0.06896551724137931,NA,0.011494252873563218,0.41379310344827586,0.034482758620689655,0.022988505747126436
MF0024,0009,disgust,0.23595505617977527,0.15730337078651685,0.0449438202247191,NA,0.48314606741573035,0.033707865168539325,0.0449438202247191
MF0024,0009,fear,0.030927835051546393,NA,0.1134020618556701,0.010309278350515464,0.26804123711340205,0.05154639175257732,0.5257731958762887
MF0024,0009,happiness,0.023255813953488372,0.05813953488372093,NA,0.7790697674418605,0.046511627906976744,0.011627906976744186,0.08139534883720931
MF0024,0009,sadness,0.11403508771929824,0.06140350877192982,0.008771929824561403,0.008771929824561403,0.6403508771929824,0.017543859649122806,0.14912280701754385
MF0024,0009,surprise,0.020618556701030927,0.010309278350515464,0.12371134020618557,0.010309278350515464,0.030927835051546393,0.7835051546391752,0.020618556701030927
MF0024,0010,anger,0.20689655172413793,0.09195402298850575,0.034482758620689655,NA,0.47126436781609193,0.011494252873563218,0.1839080459770115
MF0024,0010,disgust,0.06741573033707865,0.8651685393258427,NA,NA,0.056179775280898875,NA,0.011235955056179775
MF0024,0010,fear,NA,0.020618556701030927,0.14432989690721648,0.010309278350515464,NA,0.8247422680412371,NA
MF0024,0010,happiness,NA,0.011627906976744186,NA,0.9186046511627907,0.03488372093023256,0.011627906976744186,0.023255813953488372
MF0024,0010,sadness,0.05263157894736842,0.043859649122807015,0.03508771929824561,NA,0.5526315789473685,0.05263157894736842,0.2631578947368421
MF0024,0010,surprise,NA,NA,0.10309278350515463,0.020618556701030927,NA,0.8762886597938144,NA
MF0025,0001,anger,0.40229885057471265,0.20689655172413793,0.034482758620689655,NA,0.27586206896551724,0.04597701149425287,0.034482758620689655
MF0025,0001,disgust,0.011235955056179775,0.1797752808988764,NA,0.5842696629213483,NA,0.15730337078651685,0.06741573033707865
MF0025,0001,fear,NA,NA,0.020618556701030927,NA,NA,0.979381443298969,NA
MF0025,0001,happiness,NA,NA,NA,0.9767441860465116,0.011627906976744186,0.011627906976744186,NA
MF0025,0001,sadness,0.12280701754385964,0.02631578947368421,0.02631578947368421,0.008771929824561403,0.5701754385964912,0.02631578947368421,0.21929824561403508
MF0025,0001,surprise,NA,NA,NA,0.030927835051546393,0.010309278350515464,0.9587628865979382,NA
MF0025,0002,anger,0.5402298850574713,0.034482758620689655,0.022988505747126436,0.011494252873563218,0.21839080459770116,0.022988505747126436,0.14942528735632185
MF0025,0002,disgust,0.25842696629213485,0.5168539325842697,NA,0.011235955056179775,0.1797752808988764,0.011235955056179775,0.02247191011235955
MF0025,0002,fear,NA,0.010309278350515464,0.010309278350515464,0.010309278350515464,NA,0.9690721649484536,NA
MF0025,0002,happiness,NA,NA,NA,0.9883720930232558,NA,NA,0.011627906976744186
MF0025,0002,sadness,0.12280701754385964,0.06140350877192982,0.008771929824561403,0.008771929824561403,0.47368421052631576,0.02631578947368421,0.2982456140350877
MF0025,0002,surprise,NA,0.010309278350515464,0.08247422680412371,0.10309278350515463,0.020618556701030927,0.6494845360824743,0.13402061855670103
MF0025,0003,anger,0.4367816091954023,0.011494252873563218,0.10344827586206896,NA,0.21839080459770116,0.06896551724137931,0.16091954022988506
MF0025,0003,disgust,0.29213483146067415,0.056179775280898875,0.15730337078651685,NA,0.3595505617977528,0.033707865168539325,0.10112359550561797
MF0025,0003,fear,0.020618556701030927,0.010309278350515464,0.26804123711340205,NA,0.010309278350515464,0.6701030927835051,0.020618556701030927
MF0025,0003,happiness,NA,0.05813953488372093,0.011627906976744186,0.8837209302325582,0.011627906976744186,0.011627906976744186,0.023255813953488372
MF0025,0003,sadness,0.13157894736842105,0.05263157894736842,0.3157894736842105,0.008771929824561403,0.20175438596491227,0.18421052631578946,0.10526315789473684
MF0025,0003,surprise,0.030927835051546393,0.020618556701030927,0.12371134020618557,NA,0.041237113402061855,0.7628865979381443,0.020618556701030927
MF0025,0004,anger,0.05747126436781609,0.5747126436781609,0.022988505747126436,0.011494252873563218,0.11494252873563218,0.16091954022988506,0.05747126436781609
MF0025,0004,disgust,0.06741573033707865,0.8539325842696629,NA,NA,0.011235955056179775,0.033707865168539325,0.033707865168539325
MF0025,0004,fear,0.030927835051546393,0.05154639175257732,0.38144329896907214,NA,0.17525773195876287,0.32989690721649484,0.030927835051546393
MF0025,0004,happiness,NA,NA,NA,0.9767441860465116,0.011627906976744186,0.011627906976744186,NA
MF0025,0004,sadness,0.008771929824561403,0.11403508771929824,0.07894736842105263,0.008771929824561403,0.7280701754385965,0.043859649122807015,0.017543859649122806
MF0025,0004,surprise,NA,NA,0.041237113402061855,0.020618556701030927,NA,0.9278350515463918,0.010309278350515464
MF0025,0005,anger,0.41379310344827586,0.14942528735632185,0.011494252873563218,NA,0.08045977011494253,0.2413793103448276,0.10344827586206896
MF0025,0005,disgust,0.42696629213483145,0.14606741573033707,0.033707865168539325,NA,0.23595505617977527,0.07865168539325842,0.07865168539325842
MF0025,0005,fear,NA,0.020618556701030927,0.061855670103092786,NA,0.05154639175257732,0.8247422680412371,0.041237113402061855
MF0025,0005,happiness,NA,0.011627906976744186,0.046511627906976744,0.8953488372093024,0.011627906976744186,0.011627906976744186,0.023255813953488372
MF0025,0005,sadness,0.2982456140350877,0.07017543859649122,0.06140350877192982,0.008771929824561403,0.2894736842105263,0.017543859649122806,0.2543859649122807
MF0025,0005,surprise,0.030927835051546393,0.030927835051546393,0.1134020618556701,NA,0.07216494845360824,0.7010309278350515,0.05154639175257732
MF0025,0006,anger,0.1839080459770115,0.034482758620689655,0.05747126436781609,0.011494252873563218,0.3793103448275862,NA,0.3333333333333333
MF0025,0006,disgust,0.033707865168539325,0.30337078651685395,0.0449438202247191,0.2247191011235955,0.0898876404494382,0.033707865168539325,0.2696629213483146
MF0025,0006,fear,0.1134020618556701,0.041237113402061855,0.010309278350515464,NA,0.30927835051546393,0.05154639175257732,0.4742268041237113
MF0025,0006,happiness,NA,0.046511627906976744,NA,0.8604651162790697,NA,0.03488372093023256,0.05813953488372093
MF0025,0006,sadness,0.12280701754385964,0.06140350877192982,NA,NA,0.5526315789473685,0.017543859649122806,0.24561403508771928
MF0025,0006,surprise,NA,0.041237113402061855,0.10309278350515463,0.020618556701030927,0.09278350515463918,0.4845360824742268,0.25773195876288657
MF0025,0007,anger,0.2413793103448276,0.06896551724137931,0.011494252873563218,NA,0.3218390804597701,0.022988505747126436,0.3333333333333333
MF0025,0007,disgust,0.5280898876404494,0.39325842696629215,0.02247191011235955,NA,0.056179775280898875,NA,NA
MF0025,0007,fear,0.05154639175257732,NA,0.18556701030927836,0.041237113402061855,0.020618556701030927,0.5979381443298969,0.10309278350515463
MF0025,0007,happiness,NA,NA,NA,0.9534883720930233,0.023255813953488372,0.011627906976744186,0.011627906976744186
MF0025,0007,sadness,0.05263157894736842,0.043859649122807015,0.06140350877192982,0.06140350877192982,0.11403508771929824,0.21052631578947367,0.45614035087719296
MF0025,0007,surprise,NA,0.07216494845360824,0.09278350515463918,0.13402061855670103,0.030927835051546393,0.30927835051546393,0.36082474226804123
MF0025,0008,anger,0.6206896551724138,0.04597701149425287,0.011494252873563218,NA,0.25287356321839083,0.011494252873563218,0.05747126436781609
MF0025,0008,disgust,0.6179775280898876,0.3595505617977528,NA,NA,NA,0.02247191011235955,NA
MF0025,0008,fear,0.041237113402061855,0.041237113402061855,0.020618556701030927,0.010309278350515464,0.1134020618556701,0.422680412371134,0.35051546391752575
MF0025,0008,happiness,0.011627906976744186,0.12790697674418605,NA,0.7441860465116279,0.03488372093023256,0.023255813953488372,0.05813953488372093
MF0025,0008,sadness,0.20175438596491227,0.02631578947368421,0.008771929824561403,0.008771929824561403,0.6052631578947368,0.008771929824561403,0.14035087719298245
MF0025,0008,surprise,0.010309278350515464,0.030927835051546393,0.10309278350515463,0.041237113402061855,0.09278350515463918,0.5567010309278351,0.16494845360824742
MF0025,0009,anger,0.3793103448275862,0.13793103448275862,0.04597701149425287,0.05747126436781609,0.06896551724137931,0.16091954022988506,0.14942528735632185
MF0025,0009,disgust,0.033707865168539325,0.7191011235955056,0.011235955056179775,0.02247191011235955,0.056179775280898875,0.06741573033707865,0.0898876404494382
MF0025,0009,fear,NA,0.010309278350515464,0.16494845360824742,NA,0.041237113402061855,0.6907216494845361,0.09278350515463918
MF0025,0009,happiness,NA,NA,NA,1,NA,NA,NA
MF0025,0009,sadness,0.10526315789473684,0.13157894736842105,0.008771929824561403,0.017543859649122806,0.6666666666666666,0.017543859649122806,0.05263157894736842
MF0025,0009,surprise,0.010309278350515464,NA,0.010309278350515464,0.061855670103092786,NA,0.9072164948453608,0.010309278350515464
MF0025,0010,anger,0.04597701149425287,0.6091954022988506,0.05747126436781609,NA,0.022988505747126436,0.1839080459770115,0.08045977011494253
MF0025,0010,disgust,0.011235955056179775,0.47191011235955055,0.056179775280898875,0.011235955056179775,0.056179775280898875,0.2808988764044944,0.11235955056179775
MF0025,0010,fear,0.010309278350515464,0.05154639175257732,0.24742268041237114,NA,0.061855670103092786,0.5876288659793815,0.041237113402061855
MF0025,0010,happiness,NA,NA,NA,0.9883720930232558,NA,NA,0.011627906976744186
MF0025,0010,sadness,0.07894736842105263,0.13157894736842105,0.12280701754385964,NA,0.4473684210526316,0.07894736842105263,0.14035087719298245
MF0025,0010,surprise,0.010309278350515464,0.041237113402061855,0.07216494845360824,0.010309278350515464,0.08247422680412371,0.5257731958762887,0.25773195876288657
MF0026,0001,anger,0.367816091954023,0.10344827586206896,0.05747126436781609,0.011494252873563218,0.27586206896551724,NA,0.1839080459770115
MF0026,0001,disgust,0.3146067415730337,0.11235955056179775,0.02247191011235955,0.02247191011235955,0.19101123595505617,0.02247191011235955,0.3146067415730337
MF0026,0001,fear,0.020618556701030927,0.010309278350515464,0.31958762886597936,0.05154639175257732,0.061855670103092786,0.3402061855670103,0.1958762886597938
MF0026,0001,happiness,NA,NA,NA,0.9883720930232558,NA,0.011627906976744186,NA
MF0026,0001,sadness,0.18421052631578946,0.043859649122807015,0.008771929824561403,0.008771929824561403,0.43859649122807015,0.008771929824561403,0.30701754385964913
MF0026,0001,surprise,NA,0.010309278350515464,0.010309278350515464,0.31958762886597936,NA,0.6494845360824743,0.010309278350515464
MF0026,0002,anger,0.367816091954023,0.12643678160919541,0.05747126436781609,0.011494252873563218,0.3333333333333333,0.011494252873563218,0.09195402298850575
MF0026,0002,disgust,0.0898876404494382,0.7752808988764045,NA,NA,0.056179775280898875,0.06741573033707865,0.011235955056179775
MF0026,0002,fear,0.061855670103092786,0.041237113402061855,0.25773195876288657,NA,0.010309278350515464,0.6082474226804123,0.020618556701030927
MF0026,0002,happiness,NA,NA,NA,1,NA,NA,NA
MF0026,0002,sadness,0.17543859649122806,0.37719298245614036,0.12280701754385964,NA,0.20175438596491227,0.11403508771929824,0.008771929824561403
MF0026,0002,surprise,0.010309278350515464,0.041237113402061855,0.24742268041237114,NA,0.010309278350515464,0.6804123711340206,0.010309278350515464
MF0026,0003,anger,0.3333333333333333,0.05747126436781609,0.034482758620689655,0.034482758620689655,0.1839080459770115,NA,0.3563218390804598
MF0026,0003,disgust,0.14606741573033707,0.07865168539325842,0.07865168539325842,0.12359550561797752,0.06741573033707865,0.02247191011235955,0.48314606741573035
MF0026,0003,fear,0.15463917525773196,0.041237113402061855,0.10309278350515463,0.030927835051546393,0.09278350515463918,0.15463917525773196,0.422680412371134
MF0026,0003,happiness,0.011627906976744186,0.011627906976744186,0.011627906976744186,0.6511627906976745,0.06976744186046512,NA,0.2441860465116279
MF0026,0003,sadness,0.22807017543859648,0.07894736842105263,0.008771929824561403,0.017543859649122806,0.20175438596491227,0.017543859649122806,0.4473684210526316
MF0026,0003,surprise,0.020618556701030927,0.010309278350515464,NA,0.711340206185567,0.020618556701030927,0.020618556701030927,0.21649484536082475
MF0026,0004,anger,0.26436781609195403,0.06896551724137931,0.09195402298850575,0.011494252873563218,0.3103448275862069,0.022988505747126436,0.22988505747126436
MF0026,0004,disgust,0.25842696629213485,0.02247191011235955,0.07865168539325842,0.033707865168539325,0.19101123595505617,0.02247191011235955,0.39325842696629215
MF0026,0004,fear,0.15463917525773196,0.05154639175257732,0.15463917525773196,0.010309278350515464,0.16494845360824742,0.1134020618556701,0.35051546391752575
MF0026,0004,happiness,NA,NA,0.023255813953488372,0.8837209302325582,0.011627906976744186,0.023255813953488372,0.05813953488372093
MF0026,0004,sadness,0.2982456140350877,0.09649122807017543,0.06140350877192982,NA,0.19298245614035087,0.03508771929824561,0.3157894736842105
MF0026,0004,surprise,0.09278350515463918,0.061855670103092786,0.07216494845360824,0.020618556701030927,0.10309278350515463,0.32989690721649484,0.31958762886597936
MF0026,0005,anger,0.42528735632183906,0.05747126436781609,0.034482758620689655,NA,0.2988505747126437,0.022988505747126436,0.16091954022988506
MF0026,0005,disgust,0.02247191011235955,0.4157303370786517,0.14606741573033707,0.02247191011235955,0.14606741573033707,0.056179775280898875,0.19101123595505617
MF0026,0005,fear,NA,0.041237113402061855,0.32989690721649484,0.020618556701030927,0.010309278350515464,0.5773195876288659,0.020618556701030927
MF0026,0005,happiness,NA,0.023255813953488372,0.011627906976744186,0.872093023255814,NA,NA,0.09302325581395349
MF0026,0005,sadness,0.03508771929824561,0.3333333333333333,0.017543859649122806,0.008771929824561403,0.5350877192982456,0.02631578947368421,0.043859649122807015
MF0026,0005,surprise,NA,NA,0.020618556701030927,0.18556701030927836,NA,0.7835051546391752,0.010309278350515464
MF0026,0006,anger,0.1839080459770115,0.08045977011494253,0.04597701149425287,0.022988505747126436,0.3218390804597701,0.011494252873563218,0.3333333333333333
MF0026,0006,disgust,0.02247191011235955,0.14606741573033707,0.033707865168539325,0.6404494382022472,0.0449438202247191,0.011235955056179775,0.10112359550561797
MF0026,0006,fear,0.23711340206185566,0.1958762886597938,0.20618556701030927,NA,0.13402061855670103,0.12371134020618557,0.10309278350515463
MF0026,0006,happiness,NA,0.011627906976744186,NA,0.9883720930232558,NA,NA,NA
MF0026,0006,sadness,0.21929824561403508,0.07017543859649122,0.017543859649122806,0.008771929824561403,0.4473684210526316,NA,0.23684210526315788
MF0026,0006,surprise,0.041237113402061855,0.061855670103092786,0.05154639175257732,0.09278350515463918,0.061855670103092786,0.4742268041237113,0.21649484536082475
MF0026,0007,anger,0.41379310344827586,0.08045977011494253,NA,0.011494252873563218,0.3103448275862069,0.022988505747126436,0.16091954022988506
MF0026,0007,disgust,0.2696629213483146,0.0898876404494382,0.011235955056179775,0.033707865168539325,0.24719101123595505,0.02247191011235955,0.3258426966292135
MF0026,0007,fear,0.030927835051546393,0.05154639175257732,0.07216494845360824,0.020618556701030927,0.16494845360824742,0.17525773195876287,0.4845360824742268
MF0026,0007,happiness,NA,NA,NA,0.9418604651162791,0.023255813953488372,NA,0.03488372093023256
MF0026,0007,sadness,0.2982456140350877,0.02631578947368421,0.008771929824561403,0.02631578947368421,0.4298245614035088,0.008771929824561403,0.20175438596491227
MF0026,0007,surprise,0.010309278350515464,NA,0.010309278350515464,0.865979381443299,NA,0.1134020618556701,NA
MF0026,0008,anger,0.08045977011494253,0.10344827586206896,0.09195402298850575,0.05747126436781609,0.2413793103448276,0.05747126436781609,0.367816091954023
MF0026,0008,disgust,0.011235955056179775,0.2808988764044944,0.21348314606741572,0.10112359550561797,0.12359550561797752,0.1348314606741573,0.1348314606741573
MF0026,0008,fear,0.020618556701030927,0.05154639175257732,0.17525773195876287,0.21649484536082475,0.17525773195876287,0.08247422680412371,0.27835051546391754
MF0026,0008,happiness,NA,NA,NA,0.9651162790697675,NA,0.011627906976744186,0.023255813953488372
MF0026,0008,sadness,0.02631578947368421,0.008771929824561403,0.22807017543859648,0.043859649122807015,0.4824561403508772,0.043859649122807015,0.16666666666666666
MF0026,0008,surprise,0.010309278350515464,0.08247422680412371,0.31958762886597936,0.05154639175257732,0.05154639175257732,0.4329896907216495,0.05154639175257732
MF0026,0009,anger,0.2988505747126437,0.14942528735632185,0.05747126436781609,0.011494252873563218,0.2413793103448276,0.09195402298850575,0.14942528735632185
MF0026,0009,fear,0.030927835051546393,0.27835051546391754,0.020618556701030927,0.1134020618556701,0.08247422680412371,0.16494845360824742,0.30927835051546393
MF0026,0009,happiness,NA,0.023255813953488372,NA,0.9534883720930233,NA,0.011627906976744186,0.011627906976744186
