lab_id,model_id,model_expression,anger,disgust,fear,happiness,sadness,surprise,other,mean_intensity_rating
MF0004,0001,anger,0.2268041237113402,0.31958762886597936,0.030927835051546393,0.030927835051546393,0.2268041237113402,0.061855670103092786,0.10309278350515463,3.392857142857143
MF0004,0001,disgust,NA,0.45977011494252873,0.11494252873563218,0.05747126436781609,0.11494252873563218,0.08045977011494253,0.1724137931034483,3.5164835164835164
MF0004,0001,fear,0.011363636363636364,0.2840909090909091,0.1590909090909091,0.03409090909090909,0.2840909090909091,0.06818181818181818,0.1590909090909091,3.7666666666666666
MF0004,0001,happiness,NA,NA,NA,0.9587628865979382,NA,0.020618556701030927,0.020618556701030927,3.9450549450549453
MF0004,0001,sadness,0.06976744186046512,0.06976744186046512,0.09302325581395349,0.011627906976744186,0.46511627906976744,0.046511627906976744,0.2441860465116279,3.5242718446601944
MF0004,0001,surprise,0.008771929824561403,0.02631578947368421,0.017543859649122806,0.11403508771929824,0.03508771929824561,0.6578947368421053,0.14035087719298245,3.261904761904762
MF0004,0002,anger,0.9072164948453608,0.041237113402061855,NA,NA,0.030927835051546393,0.020618556701030927,NA,5.130952380952381
MF0004,0002,disgust,0.3103448275862069,0.19540229885057472,0.08045977011494253,NA,0.22988505747126436,0.06896551724137931,0.11494252873563218,3.010989010989011
MF0004,0002,fear,0.2840909090909091,0.14772727272727273,0.1590909090909091,0.022727272727272728,0.11363636363636363,0.13636363636363635,0.13636363636363635,3.2555555555555555
MF0004,0002,happiness,0.010309278350515464,0.030927835051546393,NA,0.9278350515463918,NA,0.010309278350515464,0.020618556701030927,4.351648351648351
MF0004,0002,sadness,0.08139534883720931,0.22093023255813954,0.023255813953488372,0.011627906976744186,0.5930232558139535,0.011627906976744186,0.05813953488372093,4.349514563106796
MF0004,0002,surprise,0.07894736842105263,0.06140350877192982,0.07017543859649122,0.03508771929824561,0.22807017543859648,0.22807017543859648,0.2982456140350877,1.8214285714285714
MF0004,0003,anger,0.3711340206185567,0.21649484536082475,0.010309278350515464,0.020618556701030927,0.13402061855670103,0.10309278350515463,0.14432989690721648,4.011904761904762
MF0004,0003,disgust,0.011494252873563218,0.4482758620689655,0.14942528735632185,0.022988505747126436,0.09195402298850575,0.1839080459770115,0.09195402298850575,3.5604395604395602
MF0004,0003,fear,0.045454545454545456,0.06818181818181818,0.03409090909090909,0.22727272727272727,0.10227272727272728,0.045454545454545456,0.4772727272727273,2.4
MF0004,0003,happiness,NA,NA,NA,0.9896907216494846,NA,NA,0.010309278350515464,5.56043956043956
MF0004,0003,sadness,0.1744186046511628,0.06976744186046512,0.09302325581395349,NA,0.45348837209302323,0.023255813953488372,0.18604651162790697,3.8058252427184467
MF0004,0003,surprise,0.008771929824561403,NA,0.043859649122807015,0.07017543859649122,0.017543859649122806,0.7456140350877193,0.11403508771929824,3.369047619047619
MF0004,0004,anger,0.020618556701030927,0.26804123711340205,0.07216494845360824,0.07216494845360824,0.25773195876288657,0.07216494845360824,0.23711340206185566,2.6904761904761907
MF0004,0004,disgust,0.022988505747126436,0.28735632183908044,0.10344827586206896,0.08045977011494253,0.28735632183908044,0.11494252873563218,0.10344827586206896,3.3516483516483517
MF0004,0004,fear,0.045454545454545456,0.06818181818181818,0.1590909090909091,0.1590909090909091,0.10227272727272728,0.17045454545454544,0.29545454545454547,2.6666666666666665
MF0004,0004,happiness,NA,0.010309278350515464,NA,0.979381443298969,NA,0.010309278350515464,NA,4.549450549450549
MF0004,0004,sadness,0.03488372093023256,0.023255813953488372,0.10465116279069768,0.011627906976744186,0.5697674418604651,0.023255813953488372,0.23255813953488372,3.9611650485436893
MF0004,0004,surprise,NA,NA,0.03508771929824561,0.5350877192982456,0.017543859649122806,0.07017543859649122,0.34210526315789475,2.142857142857143
MF0004,0005,anger,0.020618556701030927,0.10309278350515463,0.05154639175257732,0.09278350515463918,0.25773195876288657,0.020618556701030927,0.4536082474226804,2.392857142857143
MF0004,0005,disgust,0.022988505747126436,0.011494252873563218,0.022988505747126436,0.20689655172413793,0.1839080459770115,0.034482758620689655,0.5172413793103449,1.6923076923076923
MF0004,0005,fear,0.022727272727272728,0.011363636363636364,0.14772727272727273,0.11363636363636363,0.022727272727272728,0.3409090909090909,0.3409090909090909,2.3444444444444446
MF0004,0005,happiness,0.020618556701030927,0.010309278350515464,NA,0.7938144329896907,0.010309278350515464,0.030927835051546393,0.13402061855670103,3.1648351648351647
MF0004,0005,sadness,0.011627906976744186,0.03488372093023256,0.023255813953488372,0.06976744186046512,0.3023255813953488,0.011627906976744186,0.5465116279069767,2.8058252427184467
MF0004,0005,surprise,0.017543859649122806,NA,0.03508771929824561,0.37719298245614036,0.05263157894736842,0.21929824561403508,0.2982456140350877,2.2976190476190474
MF0004,0006,anger,0.4948453608247423,0.10309278350515463,0.061855670103092786,0.041237113402061855,0.10309278350515463,NA,0.1958762886597938,3.5238095238095237
MF0004,0006,disgust,0.05747126436781609,0.5977011494252874,0.022988505747126436,0.16091954022988506,NA,0.08045977011494253,0.08045977011494253,4.516483516483516
MF0004,0006,fear,0.022727272727272728,0.03409090909090909,0.022727272727272728,0.14772727272727273,0.03409090909090909,0.4090909090909091,0.32954545454545453,2.2777777777777777
MF0004,0006,happiness,NA,NA,NA,0.9587628865979382,NA,0.020618556701030927,0.020618556701030927,4.78021978021978
MF0004,0006,sadness,0.03488372093023256,0.011627906976744186,0.03488372093023256,0.5348837209302325,0.09302325581395349,0.16279069767441862,0.12790697674418605,1.9029126213592233
MF0004,0006,surprise,NA,NA,NA,0.35964912280701755,NA,0.6228070175438597,0.017543859649122806,4.2976190476190474
MF0004,0007,anger,0.4536082474226804,0.3402061855670103,0.041237113402061855,NA,0.10309278350515463,0.05154639175257732,0.010309278350515464,4.511904761904762
MF0004,0007,disgust,0.022988505747126436,0.8850574712643678,0.011494252873563218,NA,0.06896551724137931,0.011494252873563218,NA,5.835164835164835
MF0004,0007,fear,0.14772727272727273,0.13636363636363635,0.09090909090909091,NA,0.3181818181818182,0.11363636363636363,0.19318181818181818,3.488888888888889
MF0004,0007,happiness,NA,NA,NA,1,NA,NA,NA,6
MF0004,0007,sadness,0.11627906976744186,0.22093023255813954,0.08139534883720931,NA,0.4418604651162791,0.03488372093023256,0.10465116279069768,4.427184466019417
MF0004,0007,surprise,NA,0.02631578947368421,0.10526315789473684,0.05263157894736842,0.008771929824561403,0.7543859649122807,0.05263157894736842,3.1785714285714284
MF0004,0008,anger,0.38144329896907214,0.020618556701030927,0.030927835051546393,0.030927835051546393,0.18556701030927836,0.061855670103092786,0.28865979381443296,3.3214285714285716
MF0004,0008,disgust,0.21839080459770116,0.5057471264367817,0.022988505747126436,0.034482758620689655,0.12643678160919541,0.011494252873563218,0.08045977011494253,3.5274725274725274
MF0004,0008,fear,0.14772727272727273,0.011363636363636364,0.056818181818181816,0.011363636363636364,0.22727272727272727,0.03409090909090909,0.5113636363636364,2.411111111111111
MF0004,0008,happiness,0.010309278350515464,NA,0.010309278350515464,0.9278350515463918,0.010309278350515464,0.010309278350515464,0.030927835051546393,3.5494505494505493
MF0004,0008,sadness,0.05813953488372093,0.011627906976744186,0.06976744186046512,0.19767441860465115,0.3953488372093023,0.046511627906976744,0.22093023255813954,3.3980582524271843
MF0004,0008,surprise,0.008771929824561403,0.03508771929824561,NA,0.631578947368421,0.008771929824561403,0.20175438596491227,0.11403508771929824,2.2857142857142856
MF0004,0009,anger,0.5670103092783505,0.061855670103092786,0.041237113402061855,NA,0.1134020618556701,0.061855670103092786,0.15463917525773196,3.4166666666666665
MF0004,0009,disgust,0.04597701149425287,0.3793103448275862,0.1839080459770115,NA,0.3448275862068966,0.04597701149425287,NA,5.3076923076923075
MF0004,0009,fear,0.18181818181818182,0.09090909090909091,0.26136363636363635,NA,0.09090909090909091,0.32954545454545453,0.045454545454545456,4.355555555555555
MF0004,0009,happiness,NA,NA,NA,0.9896907216494846,NA,NA,0.010309278350515464,5.56043956043956
MF0004,0009,sadness,0.08139534883720931,0.09302325581395349,0.13953488372093023,NA,0.5465116279069767,0.06976744186046512,0.06976744186046512,4.776699029126213
MF0004,0009,surprise,NA,0.02631578947368421,0.07017543859649122,0.06140350877192982,NA,0.8333333333333334,0.008771929824561403,4.5
MF0004,0010,anger,0.32989690721649484,0.23711340206185566,0.061855670103092786,NA,0.07216494845360824,0.2268041237113402,0.07216494845360824,4.440476190476191
MF0004,0010,disgust,0.05747126436781609,0.45977011494252873,0.10344827586206896,NA,0.3448275862068966,0.034482758620689655,NA,4.945054945054945
MF0004,0010,fear,0.056818181818181816,0.056818181818181816,0.26136363636363635,0.022727272727272728,0.19318181818181818,0.1590909090909091,0.25,3.5
MF0004,0010,happiness,NA,0.010309278350515464,0.010309278350515464,0.9381443298969072,NA,0.010309278350515464,0.030927835051546393,4.186813186813187
MF0004,0010,sadness,0.023255813953488372,0.1511627906976744,0.03488372093023256,NA,0.6976744186046512,0.023255813953488372,0.06976744186046512,5.087378640776699
MF0004,0010,surprise,0.02631578947368421,0.008771929824561403,0.008771929824561403,0.008771929824561403,0.008771929824561403,0.9122807017543859,0.02631578947368421,5.369047619047619
MF0005,0001,anger,0.31958762886597936,0.17525773195876287,0.030927835051546393,NA,0.21649484536082475,0.030927835051546393,0.2268041237113402,3.75
MF0005,0001,disgust,0.06896551724137931,0.3103448275862069,0.04597701149425287,0.011494252873563218,0.25287356321839083,0.09195402298850575,0.21839080459770116,3.0549450549450547
MF0005,0001,fear,0.045454545454545456,0.045454545454545456,0.14772727272727273,0.056818181818181816,0.07954545454545454,0.4659090909090909,0.1590909090909091,3.2444444444444445
MF0005,0001,happiness,NA,NA,NA,0.8762886597938144,0.010309278350515464,NA,0.1134020618556701,3.3626373626373627
MF0005,0001,sadness,0.3023255813953488,0.13953488372093023,NA,NA,0.38372093023255816,0.011627906976744186,0.16279069767441862,3.7281553398058254
MF0005,0001,surprise,0.008771929824561403,0.008771929824561403,NA,0.02631578947368421,NA,0.9473684210526315,0.008771929824561403,4.940476190476191
MF0005,0002,anger,0.6494845360824743,0.14432989690721648,0.020618556701030927,NA,0.08247422680412371,0.09278350515463918,0.010309278350515464,4.845238095238095
MF0005,0002,disgust,0.09195402298850575,0.5862068965517241,0.022988505747126436,0.05747126436781609,0.06896551724137931,0.12643678160919541,0.04597701149425287,4.197802197802198
MF0005,0002,fear,0.011363636363636364,NA,0.11363636363636363,NA,0.011363636363636364,0.8295454545454546,0.03409090909090909,3.811111111111111
MF0005,0002,happiness,NA,0.010309278350515464,NA,0.9484536082474226,NA,NA,0.041237113402061855,3.879120879120879
MF0005,0002,sadness,0.023255813953488372,0.13953488372093023,0.05813953488372093,0.023255813953488372,0.6511627906976745,0.046511627906976744,0.05813953488372093,4.563106796116505
MF0005,0002,surprise,NA,0.008771929824561403,0.07894736842105263,0.008771929824561403,0.008771929824561403,0.868421052631579,0.02631578947368421,4.7976190476190474
MF0005,0003,anger,0.5463917525773195,0.13402061855670103,0.020618556701030927,0.010309278350515464,0.10309278350515463,0.041237113402061855,0.14432989690721648,3.7261904761904763
MF0005,0003,disgust,0.011494252873563218,0.5172413793103449,0.022988505747126436,0.22988505747126436,0.022988505747126436,0.06896551724137931,0.12643678160919541,3.6043956043956045
MF0005,0003,fear,0.011363636363636364,0.011363636363636364,0.06818181818181818,0.03409090909090909,0.07954545454545454,0.45454545454545453,0.3409090909090909,2.477777777777778
MF0005,0003,happiness,NA,NA,NA,0.9896907216494846,NA,NA,0.010309278350515464,4.186813186813187
MF0005,0003,sadness,0.06976744186046512,0.12790697674418605,0.023255813953488372,0.011627906976744186,0.3953488372093023,0.05813953488372093,0.313953488372093,3.4466019417475726
MF0005,0003,surprise,NA,NA,0.017543859649122806,0.17543859649122806,0.008771929824561403,0.7807017543859649,0.017543859649122806,3.9047619047619047
MF0005,0004,anger,0.27835051546391754,0.07216494845360824,0.020618556701030927,0.030927835051546393,0.1958762886597938,0.020618556701030927,0.38144329896907214,3.011904761904762
MF0005,0004,disgust,0.034482758620689655,0.6436781609195402,NA,0.16091954022988506,0.011494252873563218,0.022988505747126436,0.12643678160919541,4.637362637362638
MF0005,0004,fear,0.056818181818181816,0.011363636363636364,0.19318181818181818,0.03409090909090909,0.022727272727272728,0.5340909090909091,0.14772727272727273,3.1777777777777776
MF0005,0004,happiness,NA,NA,0.010309278350515464,0.9690721649484536,NA,0.010309278350515464,0.010309278350515464,4.681318681318682
MF0005,0004,sadness,0.09302325581395349,0.05813953488372093,NA,0.023255813953488372,0.3372093023255814,0.023255813953488372,0.46511627906976744,3.0776699029126213
MF0005,0004,surprise,0.008771929824561403,0.017543859649122806,0.12280701754385964,0.07894736842105263,0.043859649122807015,0.43859649122807015,0.2894736842105263,2.1904761904761907
MF0005,0005,anger,0.3917525773195876,0.061855670103092786,0.05154639175257732,0.010309278350515464,0.26804123711340205,0.020618556701030927,0.1958762886597938,3.357142857142857
MF0005,0005,disgust,0.022988505747126436,0.5632183908045977,0.08045977011494253,0.022988505747126436,0.25287356321839083,0.034482758620689655,0.022988505747126436,4.593406593406593
MF0005,0005,fear,0.011363636363636364,0.022727272727272728,0.23863636363636365,NA,NA,0.7272727272727273,NA,5.188888888888889
MF0005,0005,happiness,NA,NA,NA,0.9690721649484536,0.010309278350515464,NA,0.020618556701030927,4.351648351648351
MF0005,0005,sadness,0.011627906976744186,0.19767441860465115,0.10465116279069768,0.05813953488372093,0.45348837209302323,0.023255813953488372,0.1511627906976744,4.320388349514563
MF0005,0005,surprise,0.008771929824561403,0.008771929824561403,0.008771929824561403,0.5614035087719298,NA,0.40350877192982454,0.008771929824561403,5.107142857142857
MF0005,0006,anger,0.32989690721649484,0.29896907216494845,0.07216494845360824,0.010309278350515464,0.10309278350515463,0.08247422680412371,0.10309278350515463,3.7857142857142856
MF0005,0006,disgust,NA,0.09195402298850575,NA,0.8505747126436781,NA,0.034482758620689655,0.022988505747126436,2.7142857142857144
MF0005,0006,fear,NA,0.011363636363636364,0.19318181818181818,NA,NA,0.7954545454545454,NA,4.822222222222222
MF0005,0006,happiness,NA,NA,NA,0.979381443298969,NA,0.020618556701030927,NA,5.395604395604396
MF0005,0006,sadness,0.046511627906976744,0.09302325581395349,0.06976744186046512,0.023255813953488372,0.4418604651162791,0.03488372093023256,0.29069767441860467,3.621359223300971
MF0005,0006,surprise,NA,NA,0.017543859649122806,0.3508771929824561,NA,0.631578947368421,NA,5
MF0005,0007,anger,0.5257731958762887,0.10309278350515463,0.061855670103092786,0.010309278350515464,0.10309278350515463,0.041237113402061855,0.15463917525773196,3.761904761904762
MF0005,0007,disgust,0.06896551724137931,0.7011494252873564,0.04597701149425287,NA,0.1724137931034483,0.011494252873563218,NA,4.912087912087912
MF0005,0007,fear,NA,0.011363636363636364,0.2727272727272727,NA,0.011363636363636364,0.6931818181818182,0.011363636363636364,4.733333333333333
MF0005,0007,happiness,NA,NA,NA,0.979381443298969,NA,0.010309278350515464,0.010309278350515464,5.758241758241758
MF0005,0007,sadness,0.09302325581395349,0.03488372093023256,0.3488372093023256,NA,0.1744186046511628,0.20930232558139536,0.13953488372093023,3.9514563106796117
MF0005,0007,surprise,0.017543859649122806,0.008771929824561403,0.2543859649122807,NA,0.017543859649122806,0.6929824561403509,0.008771929824561403,4.821428571428571
MF0005,0008,anger,0.3402061855670103,0.17525773195876287,0.17525773195876287,0.010309278350515464,0.07216494845360824,0.18556701030927836,0.041237113402061855,4.690476190476191
MF0005,0008,disgust,0.034482758620689655,0.632183908045977,0.13793103448275862,0.011494252873563218,0.14942528735632185,0.022988505747126436,0.011494252873563218,5.450549450549451
MF0005,0008,fear,0.011363636363636364,0.03409090909090909,0.29545454545454547,NA,0.011363636363636364,0.6477272727272727,NA,5.6
MF0005,0008,happiness,NA,NA,NA,1,NA,NA,NA,5.472527472527473
MF0005,0008,sadness,0.1511627906976744,0.046511627906976744,0.19767441860465115,0.011627906976744186,0.47674418604651164,0.023255813953488372,0.09302325581395349,4.922330097087379
MF0005,0008,surprise,0.02631578947368421,NA,0.30701754385964913,NA,0.017543859649122806,0.6491228070175439,NA,5.809523809523809
MF0005,0009,anger,0.38144329896907214,0.030927835051546393,0.020618556701030927,0.010309278350515464,0.15463917525773196,0.020618556701030927,0.38144329896907214,3.261904761904762
MF0005,0009,disgust,0.05747126436781609,0.5287356321839081,0.06896551724137931,0.011494252873563218,0.21839080459770116,0.034482758620689655,0.08045977011494253,3.901098901098901
MF0005,0009,fear,0.011363636363636364,0.045454545454545456,0.045454545454545456,0.03409090909090909,NA,0.8522727272727273,0.011363636363636364,3.033333333333333
MF0005,0009,happiness,NA,0.020618556701030927,NA,0.8247422680412371,NA,0.030927835051546393,0.12371134020618557,3.32967032967033
MF0005,0009,sadness,0.3023255813953488,0.13953488372093023,0.011627906976744186,0.023255813953488372,0.313953488372093,0.011627906976744186,0.19767441860465115,3.7864077669902914
MF0005,0009,surprise,0.017543859649122806,0.008771929824561403,0.02631578947368421,0.11403508771929824,0.017543859649122806,0.7543859649122807,0.06140350877192982,4.273809523809524
MF0005,0010,anger,0.27835051546391754,0.061855670103092786,0.08247422680412371,0.030927835051546393,0.21649484536082475,0.030927835051546393,0.29896907216494845,2.9166666666666665
MF0005,0010,disgust,0.04597701149425287,0.2413793103448276,0.034482758620689655,0.41379310344827586,0.05747126436781609,0.011494252873563218,0.19540229885057472,2.3076923076923075
MF0005,0010,fear,NA,NA,0.19318181818181818,0.03409090909090909,NA,0.7613636363636364,0.011363636363636364,4.233333333333333
MF0005,0010,happiness,NA,NA,NA,0.979381443298969,NA,0.010309278350515464,0.010309278350515464,4.9010989010989015
MF0005,0010,sadness,0.08139534883720931,0.18604651162790697,0.023255813953488372,0.046511627906976744,0.23255813953488372,0.023255813953488372,0.4069767441860465,3.466019417475728
MF0005,0010,surprise,NA,NA,NA,0.3508771929824561,0.008771929824561403,0.6403508771929824,NA,5.226190476190476
MF0006,0001,anger,0.9381443298969072,0.041237113402061855,0.010309278350515464,NA,NA,0.010309278350515464,NA,6.261904761904762
MF0006,0001,disgust,0.42528735632183906,0.4942528735632184,0.022988505747126436,0.011494252873563218,0.011494252873563218,0.022988505747126436,0.011494252873563218,6.362637362637362
MF0006,0002,anger,0.1958762886597938,0.15463917525773196,0.041237113402061855,NA,0.3402061855670103,NA,0.26804123711340205,2.9404761904761907
MF0006,0002,disgust,0.16091954022988506,0.22988505747126436,0.011494252873563218,0.011494252873563218,0.4827586206896552,0.022988505747126436,0.08045977011494253,2.9450549450549453
MF0006,0002,fear,0.11363636363636363,0.045454545454545456,0.045454545454545456,NA,0.375,0.022727272727272728,0.3977272727272727,2.1666666666666665
MF0006,0002,happiness,NA,0.010309278350515464,0.010309278350515464,0.8969072164948454,0.020618556701030927,0.020618556701030927,0.041237113402061855,3.241758241758242
MF0006,0002,sadness,0.13953488372093023,0.06976744186046512,0.011627906976744186,0.011627906976744186,0.3023255813953488,NA,0.46511627906976744,3.0776699029126213
MF0006,0002,surprise,0.09649122807017543,0.043859649122807015,0.03508771929824561,0.008771929824561403,0.42105263157894735,0.008771929824561403,0.38596491228070173,1.6904761904761905
MF0006,0003,anger,0.030927835051546393,0.020618556701030927,0.020618556701030927,0.010309278350515464,0.4329896907216495,0.030927835051546393,0.4536082474226804,2.4404761904761907
MF0006,0003,disgust,0.022988505747126436,0.034482758620689655,0.05747126436781609,0.3333333333333333,0.21839080459770116,NA,0.3333333333333333,1.967032967032967
MF0006,0003,fear,0.03409090909090909,0.022727272727272728,0.10227272727272728,0.056818181818181816,0.20454545454545456,0.07954545454545454,0.5,2.433333333333333
MF0006,0003,happiness,NA,NA,NA,0.9896907216494846,NA,0.010309278350515464,NA,5.670329670329671
MF0006,0003,sadness,0.08139534883720931,0.023255813953488372,0.023255813953488372,0.023255813953488372,0.5232558139534884,NA,0.32558139534883723,3.4854368932038833
MF0006,0003,surprise,0.008771929824561403,0.008771929824561403,0.10526315789473684,NA,0.017543859649122806,0.8245614035087719,0.03508771929824561,3.9761904761904763
MF0006,0004,anger,0.31958762886597936,0.07216494845360824,0.010309278350515464,NA,0.422680412371134,0.020618556701030927,0.15463917525773196,3.4285714285714284
MF0006,0004,disgust,0.10344827586206896,0.5057471264367817,0.034482758620689655,0.034482758620689655,0.19540229885057472,0.034482758620689655,0.09195402298850575,3.868131868131868
MF0006,0004,fear,0.20454545454545456,0.045454545454545456,0.06818181818181818,0.011363636363636364,0.3068181818181818,0.09090909090909091,0.2727272727272727,2.3666666666666667
MF0006,0004,happiness,NA,NA,NA,0.9896907216494846,NA,NA,0.010309278350515464,5.802197802197802
MF0006,0004,sadness,0.19767441860465115,0.046511627906976744,0.011627906976744186,NA,0.5930232558139535,0.011627906976744186,0.13953488372093023,4.106796116504855
MF0006,0004,surprise,0.06140350877192982,0.07017543859649122,0.14035087719298245,0.017543859649122806,0.06140350877192982,0.5087719298245614,0.14035087719298245,3.2023809523809526
MF0006,0005,anger,0.17525773195876287,0.18556701030927836,0.07216494845360824,0.030927835051546393,0.23711340206185566,0.020618556701030927,0.27835051546391754,3.0595238095238093
MF0006,0005,disgust,0.06896551724137931,0.5632183908045977,0.10344827586206896,NA,0.1724137931034483,0.08045977011494253,0.011494252873563218,3.78021978021978
MF0006,0005,fear,0.13636363636363635,0.03409090909090909,0.18181818181818182,0.022727272727272728,0.11363636363636363,0.22727272727272727,0.2840909090909091,2.811111111111111
MF0006,0005,happiness,NA,0.010309278350515464,NA,0.9690721649484536,NA,0.020618556701030927,NA,5.362637362637362
MF0006,0005,sadness,0.08139534883720931,0.046511627906976744,0.12790697674418605,0.023255813953488372,0.2441860465116279,0.09302325581395349,0.38372093023255816,3.0776699029126213
MF0006,0005,surprise,0.008771929824561403,NA,0.008771929824561403,0.9298245614035088,0.008771929824561403,0.043859649122807015,NA,3.0476190476190474
MF0006,0006,anger,0.030927835051546393,0.13402061855670103,0.041237113402061855,0.26804123711340205,0.12371134020618557,0.030927835051546393,0.3711340206185567,2.5952380952380953
MF0006,0006,disgust,0.022988505747126436,0.5287356321839081,0.16091954022988506,0.034482758620689655,0.09195402298850575,0.022988505747126436,0.13793103448275862,4.461538461538462
MF0006,0006,fear,0.011363636363636364,0.011363636363636364,0.25,0.17045454545454544,0.022727272727272728,0.3409090909090909,0.19318181818181818,3.088888888888889
MF0006,0006,happiness,NA,NA,NA,0.9175257731958762,NA,0.030927835051546393,0.05154639175257732,4
MF0006,0006,sadness,0.011627906976744186,0.05813953488372093,0.011627906976744186,0.4418604651162791,0.09302325581395349,0.05813953488372093,0.32558139534883723,2.378640776699029
MF0006,0006,surprise,0.008771929824561403,0.017543859649122806,0.09649122807017543,0.38596491228070173,0.02631578947368421,0.2631578947368421,0.20175438596491227,2.619047619047619
MF0006,0007,anger,0.5257731958762887,0.15463917525773196,0.020618556701030927,0.010309278350515464,0.07216494845360824,0.18556701030927836,0.030927835051546393,4.511904761904762
MF0006,0007,disgust,0.3448275862068966,0.5632183908045977,0.011494252873563218,NA,NA,0.034482758620689655,0.04597701149425287,4.626373626373627
MF0006,0007,fear,0.011363636363636364,0.045454545454545456,0.3068181818181818,0.011363636363636364,NA,0.5909090909090909,0.03409090909090909,4.377777777777778
MF0006,0007,happiness,NA,NA,NA,0.9896907216494846,NA,0.010309278350515464,NA,5.989010989010989
MF0006,0007,sadness,0.023255813953488372,0.046511627906976744,0.06976744186046512,0.011627906976744186,0.7325581395348837,0.09302325581395349,0.023255813953488372,4.611650485436893
MF0006,0007,surprise,NA,0.008771929824561403,0.043859649122807015,0.043859649122807015,0.008771929824561403,0.8947368421052632,NA,5.380952380952381
MF0006,0008,anger,0.4845360824742268,0.05154639175257732,0.010309278350515464,0.020618556701030927,0.17525773195876287,0.020618556701030927,0.23711340206185566,3.3333333333333335
MF0006,0008,disgust,0.28735632183908044,0.09195402298850575,0.011494252873563218,0.08045977011494253,0.1724137931034483,0.05747126436781609,0.2988505747126437,2.67032967032967
MF0006,0008,fear,0.4090909090909091,0.011363636363636364,0.022727272727272728,0.011363636363636364,0.23863636363636365,0.011363636363636364,0.29545454545454547,2.3333333333333335
MF0006,0008,happiness,NA,0.010309278350515464,0.010309278350515464,0.9587628865979382,NA,NA,0.020618556701030927,4.4945054945054945
MF0006,0008,sadness,0.19767441860465115,0.05813953488372093,0.03488372093023256,0.023255813953488372,0.37209302325581395,0.046511627906976744,0.26744186046511625,3.320388349514563
MF0006,0008,surprise,0.2894736842105263,0.06140350877192982,0.043859649122807015,0.10526315789473684,0.13157894736842105,0.008771929824561403,0.35964912280701755,1.9047619047619047
MF0006,0009,anger,0.041237113402061855,0.041237113402061855,0.030927835051546393,0.38144329896907214,0.23711340206185566,0.030927835051546393,0.23711340206185566,2.130952380952381
MF0006,0009,disgust,0.011494252873563218,0.05747126436781609,0.034482758620689655,0.3218390804597701,0.3563218390804598,0.011494252873563218,0.20689655172413793,2.3846153846153846
MF0006,0009,fear,0.011363636363636364,0.06818181818181818,0.045454545454545456,0.20454545454545456,0.2727272727272727,NA,0.3977272727272727,2.2555555555555555
MF0006,0009,happiness,NA,NA,0.010309278350515464,0.979381443298969,NA,0.010309278350515464,NA,5.285714285714286
MF0006,0009,sadness,0.03488372093023256,0.046511627906976744,NA,0.13953488372093023,0.4418604651162791,0.011627906976744186,0.32558139534883723,3.7572815533980584
MF0006,0009,surprise,0.02631578947368421,0.03508771929824561,0.09649122807017543,0.16666666666666666,0.21929824561403508,0.14912280701754385,0.30701754385964913,1.9761904761904763
MF0006,0010,anger,0.7216494845360825,0.020618556701030927,0.030927835051546393,0.030927835051546393,0.14432989690721648,0.020618556701030927,0.030927835051546393,4.666666666666667
MF0006,0010,disgust,0.2413793103448276,0.4367816091954023,0.011494252873563218,0.11494252873563218,0.034482758620689655,0.011494252873563218,0.14942528735632185,3.879120879120879
MF0006,0010,fear,0.29545454545454547,0.07954545454545454,0.056818181818181816,0.03409090909090909,0.17045454545454544,0.011363636363636364,0.3522727272727273,2.1444444444444444
MF0006,0010,happiness,NA,NA,NA,0.979381443298969,NA,0.020618556701030927,NA,5.417582417582418
MF0006,0010,sadness,0.47674418604651164,0.046511627906976744,0.023255813953488372,NA,0.26744186046511625,0.011627906976744186,0.1744186046511628,3.495145631067961
MF0006,0010,surprise,NA,0.043859649122807015,0.03508771929824561,0.043859649122807015,0.017543859649122806,0.7456140350877193,0.11403508771929824,3.5357142857142856
MF0006,0011,anger,0.041237113402061855,0.041237113402061855,0.23711340206185566,NA,NA,0.6701030927835051,0.010309278350515464,3.6547619047619047
MF0006,0011,disgust,0.06896551724137931,0.25287356321839083,0.19540229885057472,0.011494252873563218,0.06896551724137931,0.3333333333333333,0.06896551724137931,3.7032967032967035
MF0006,0011,fear,NA,0.011363636363636364,0.11363636363636363,0.022727272727272728,0.011363636363636364,0.8295454545454546,0.011363636363636364,4.411111111111111
MF0006,0011,happiness,NA,0.010309278350515464,0.010309278350515464,0.979381443298969,NA,NA,NA,5.1208791208791204
MF0006,0011,sadness,0.05813953488372093,0.05813953488372093,0.13953488372093023,NA,0.46511627906976744,0.03488372093023256,0.2441860465116279,4.407766990291262
MF0006,0011,surprise,NA,0.008771929824561403,0.043859649122807015,NA,0.017543859649122806,0.8947368421052632,0.03508771929824561,4.642857142857143
MF0006,0012,anger,0.10309278350515463,0.041237113402061855,0.020618556701030927,0.10309278350515463,0.13402061855670103,0.010309278350515464,0.5876288659793815,2.4047619047619047
MF0006,0012,disgust,NA,0.42528735632183906,0.08045977011494253,0.1839080459770115,0.10344827586206896,0.12643678160919541,0.08045977011494253,3.923076923076923
MF0006,0012,fear,0.06818181818181818,0.045454545454545456,NA,0.06818181818181818,0.17045454545454544,0.011363636363636364,0.6363636363636364,2.1
MF0006,0012,happiness,NA,NA,NA,0.979381443298969,NA,0.010309278350515464,0.010309278350515464,6.065934065934066
MF0006,0012,sadness,0.06976744186046512,0.05813953488372093,NA,0.011627906976744186,0.18604651162790697,NA,0.6744186046511628,2.495145631067961
MF0006,0012,surprise,NA,NA,NA,0.8245614035087719,NA,0.07894736842105263,0.09649122807017543,2.2857142857142856
MF0006,0013,anger,0.1134020618556701,0.07216494845360824,0.010309278350515464,0.24742268041237114,0.1134020618556701,0.020618556701030927,0.422680412371134,2.488095238095238
MF0006,0013,disgust,0.05747126436781609,0.1839080459770115,0.05747126436781609,0.27586206896551724,0.04597701149425287,0.25287356321839083,0.12643678160919541,2.8241758241758244
MF0006,0013,fear,0.14772727272727273,0.045454545454545456,0.03409090909090909,0.09090909090909091,0.11363636363636363,0.045454545454545456,0.5227272727272727,2.0555555555555554
MF0006,0013,happiness,NA,NA,0.010309278350515464,0.979381443298969,NA,0.010309278350515464,NA,6.142857142857143
MF0006,0013,sadness,0.05813953488372093,0.03488372093023256,0.023255813953488372,0.3372093023255814,0.046511627906976744,0.023255813953488372,0.47674418604651164,2.233009708737864
MF0006,0013,surprise,0.017543859649122806,0.043859649122807015,0.017543859649122806,0.5263157894736842,NA,0.12280701754385964,0.2719298245614035,2.0238095238095237
MF0007,0002,anger,0.30927835051546393,0.061855670103092786,0.15463917525773196,0.020618556701030927,0.31958762886597936,0.041237113402061855,0.09278350515463918,3.892857142857143
MF0007,0002,disgust,0.011494252873563218,0.4827586206896552,0.3333333333333333,0.011494252873563218,0.09195402298850575,0.05747126436781609,0.011494252873563218,4.131868131868132
MF0007,0002,fear,0.03409090909090909,0.011363636363636364,0.2840909090909091,0.03409090909090909,0.056818181818181816,0.4772727272727273,0.10227272727272728,4.366666666666666
MF0007,0002,sadness,0.12790697674418605,0.023255813953488372,0.18604651162790697,0.011627906976744186,0.3023255813953488,0.011627906976744186,0.3372093023255814,3.6310679611650487
MF0007,0002,surprise,NA,NA,0.008771929824561403,0.7543859649122807,NA,0.23684210526315788,NA,4.2976190476190474
MF0007,0003,anger,0.06140350877192982,0.19298245614035087,0.02631578947368421,0.3684210526315789,0.07017543859649122,0.11403508771929824,0.16666666666666666,2.392857142857143
MF0007,0003,disgust,NA,0.09278350515463918,0.030927835051546393,0.8041237113402062,0.041237113402061855,0.020618556701030927,0.010309278350515464,2.5824175824175826
MF0007,0003,fear,NA,0.05747126436781609,0.09195402298850575,0.27586206896551724,0.22988505747126436,0.05747126436781609,0.28735632183908044,2.5
MF0007,0003,happiness,NA,NA,NA,0.9886363636363636,NA,0.011363636363636364,NA,6.131868131868132
MF0007,0003,sadness,0.010309278350515464,0.061855670103092786,0.020618556701030927,0.6185567010309279,0.09278350515463918,0.061855670103092786,0.13402061855670103,2.2427184466019416
MF0007,0003,surprise,NA,NA,0.011627906976744186,0.32558139534883723,0.023255813953488372,0.6162790697674418,0.023255813953488372,4.380952380952381
MF0007,0005,anger,0.19298245614035087,0.17543859649122806,0.06140350877192982,0.03508771929824561,0.19298245614035087,0.07894736842105263,0.2631578947368421,2.988095238095238
MF0007,0005,disgust,NA,0.030927835051546393,NA,0.865979381443299,NA,0.010309278350515464,0.09278350515463918,2.0549450549450547
MF0007,0005,fear,NA,NA,0.011494252873563218,0.5747126436781609,0.04597701149425287,0.26436781609195403,0.10344827586206896,2.488888888888889
MF0007,0005,happiness,NA,NA,NA,0.9886363636363636,0.011363636363636364,NA,NA,4.945054945054945
MF0007,0005,sadness,0.09278350515463918,0.05154639175257732,0.08247422680412371,0.020618556701030927,0.17525773195876287,0.17525773195876287,0.4020618556701031,2.6116504854368934
MF0007,0005,surprise,NA,0.023255813953488372,0.011627906976744186,0.1511627906976744,NA,0.7674418604651163,0.046511627906976744,5.107142857142857
MF0007,0008,anger,0.2807017543859649,0.10526315789473684,0.02631578947368421,0.008771929824561403,0.14035087719298245,0.22807017543859648,0.21052631578947367,3.4761904761904763
MF0007,0008,disgust,0.061855670103092786,0.6597938144329897,0.030927835051546393,NA,0.20618556701030927,0.030927835051546393,0.010309278350515464,5.670329670329671
MF0007,0008,fear,NA,NA,NA,0.011494252873563218,NA,0.9885057471264368,NA,4.377777777777778
MF0007,0008,happiness,NA,NA,NA,0.9772727272727273,NA,0.011363636363636364,0.011363636363636364,5.384615384615385
MF0007,0008,sadness,0.061855670103092786,0.041237113402061855,0.041237113402061855,0.020618556701030927,0.32989690721649484,0.020618556701030927,0.4845360824742268,2.9320388349514563
MF0007,0008,surprise,NA,NA,NA,0.6744186046511628,NA,0.32558139534883723,NA,5.2023809523809526
MF0008,0002,anger,0.03508771929824561,0.02631578947368421,0.043859649122807015,0.34210526315789475,0.10526315789473684,0.043859649122807015,0.40350877192982454,2.392857142857143
MF0008,0002,disgust,0.061855670103092786,0.36082474226804123,NA,NA,0.4948453608247423,0.041237113402061855,0.041237113402061855,3.758241758241758
MF0008,0002,fear,NA,0.011494252873563218,0.022988505747126436,0.022988505747126436,0.011494252873563218,0.8850574712643678,0.04597701149425287,3.6444444444444444
MF0008,0002,happiness,NA,NA,NA,0.9886363636363636,NA,0.011363636363636364,NA,4.714285714285714
MF0008,0002,sadness,0.05154639175257732,0.061855670103092786,0.041237113402061855,NA,0.7010309278350515,0.020618556701030927,0.12371134020618557,4.378640776699029
MF0008,0002,surprise,NA,0.03488372093023256,0.011627906976744186,0.046511627906976744,0.023255813953488372,0.872093023255814,0.011627906976744186,4.5
MF0008,0004,anger,0.47368421052631576,0.07894736842105263,0.03508771929824561,0.017543859649122806,0.08771929824561403,0.12280701754385964,0.18421052631578946,3.607142857142857
MF0008,0004,disgust,0.061855670103092786,0.5876288659793815,NA,0.25773195876288657,0.030927835051546393,0.030927835051546393,0.030927835051546393,3.2637362637362637
MF0008,0004,fear,0.022988505747126436,0.011494252873563218,0.05747126436781609,0.05747126436781609,0.04597701149425287,0.4827586206896552,0.3218390804597701,2.688888888888889
MF0008,0004,happiness,0.011363636363636364,NA,NA,0.9886363636363636,NA,NA,NA,5.450549450549451
MF0008,0004,sadness,0.030927835051546393,0.08247422680412371,0.030927835051546393,0.09278350515463918,0.14432989690721648,0.020618556701030927,0.5979381443298969,2.6893203883495147
MF0008,0004,surprise,NA,NA,NA,0.813953488372093,NA,0.18604651162790697,NA,3.642857142857143
MF0008,0005,anger,0.08771929824561403,0.18421052631578946,0.043859649122807015,0.11403508771929824,0.16666666666666666,0.08771929824561403,0.3157894736842105,2.4166666666666665
MF0008,0005,disgust,0.020618556701030927,0.35051546391752575,0.13402061855670103,0.07216494845360824,0.15463917525773196,0.15463917525773196,0.1134020618556701,2.8241758241758244
MF0008,0005,fear,NA,0.034482758620689655,0.16091954022988506,0.22988505747126436,0.06896551724137931,0.2988505747126437,0.20689655172413793,2.7222222222222223
MF0008,0005,happiness,0.011363636363636364,NA,NA,0.9659090909090909,0.011363636363636364,NA,0.011363636363636364,5.065934065934066
MF0008,0005,sadness,0.05154639175257732,0.10309278350515463,0.08247422680412371,0.08247422680412371,0.36082474226804123,0.061855670103092786,0.25773195876288657,3.3883495145631066
MF0008,0005,surprise,0.023255813953488372,0.011627906976744186,0.10465116279069768,0.09302325581395349,0.09302325581395349,0.29069767441860467,0.38372093023255816,2.1666666666666665
MF0008,0006,anger,0.02631578947368421,0.16666666666666666,0.02631578947368421,0.45614035087719296,0.043859649122807015,0.13157894736842105,0.14912280701754385,2.2857142857142856
MF0008,0006,disgust,0.041237113402061855,0.44329896907216493,0.061855670103092786,0.30927835051546393,0.030927835051546393,0.061855670103092786,0.05154639175257732,2.978021978021978
MF0008,0006,fear,0.022988505747126436,0.04597701149425287,0.09195402298850575,0.19540229885057472,0.13793103448275862,0.05747126436781609,0.4482758620689655,2.1777777777777776
MF0008,0006,happiness,NA,0.011363636363636364,NA,0.9772727272727273,NA,0.011363636363636364,NA,5.428571428571429
MF0008,0006,sadness,0.05154639175257732,0.13402061855670103,0.07216494845360824,0.1134020618556701,0.17525773195876287,0.061855670103092786,0.3917525773195876,2.5533980582524274
MF0008,0006,surprise,NA,NA,NA,0.9651162790697675,0.011627906976744186,0.023255813953488372,NA,2.1547619047619047
MF0008,0007,anger,0.2807017543859649,0.11403508771929824,0.10526315789473684,NA,0.2543859649122807,0.043859649122807015,0.20175438596491227,2.9523809523809526
MF0008,0007,disgust,0.10309278350515463,0.4020618556701031,0.1134020618556701,0.010309278350515464,0.24742268041237114,0.05154639175257732,0.07216494845360824,3.2747252747252746
MF0008,0007,fear,0.034482758620689655,0.04597701149425287,0.1839080459770115,0.022988505747126436,0.14942528735632185,0.3333333333333333,0.22988505747126436,3.3333333333333335
MF0008,0007,happiness,NA,NA,NA,0.9772727272727273,0.011363636363636364,0.011363636363636364,NA,4.604395604395604
MF0008,0007,sadness,0.09278350515463918,0.041237113402061855,0.08247422680412371,NA,0.5154639175257731,0.030927835051546393,0.23711340206185566,3.5145631067961167
MF0008,0007,surprise,0.011627906976744186,0.011627906976744186,0.03488372093023256,0.011627906976744186,0.023255813953488372,0.872093023255814,0.03488372093023256,4.5476190476190474
MF0008,0008,anger,0.41228070175438597,0.11403508771929824,NA,0.017543859649122806,0.37719298245614036,0.008771929824561403,0.07017543859649122,3.630952380952381
MF0008,0008,disgust,0.26804123711340205,0.44329896907216493,0.030927835051546393,NA,0.16494845360824742,0.041237113402061855,0.05154639175257732,3.7032967032967035
MF0008,0008,fear,0.12643678160919541,0.22988505747126436,0.04597701149425287,0.022988505747126436,0.27586206896551724,0.08045977011494253,0.21839080459770116,2.7777777777777777
MF0008,0008,happiness,NA,0.10227272727272728,NA,0.8295454545454546,0.022727272727272728,NA,0.045454545454545456,4.076923076923077
MF0008,0008,sadness,0.21649484536082475,0.13402061855670103,0.030927835051546393,0.020618556701030927,0.26804123711340205,0.020618556701030927,0.30927835051546393,3.6699029126213594
MF0008,0008,surprise,0.03488372093023256,0.5232558139534884,NA,0.313953488372093,0.05813953488372093,0.011627906976744186,0.05813953488372093,2.1785714285714284
MF0008,0009,anger,0.02631578947368421,0.03508771929824561,0.017543859649122806,0.30701754385964913,0.18421052631578946,0.017543859649122806,0.41228070175438597,2.0476190476190474
MF0008,0009,disgust,0.030927835051546393,0.061855670103092786,0.05154639175257732,0.25773195876288657,0.05154639175257732,0.1134020618556701,0.4329896907216495,1.8681318681318682
MF0008,0009,fear,0.034482758620689655,0.011494252873563218,0.011494252873563218,0.7586206896551724,0.022988505747126436,0.011494252873563218,0.14942528735632185,1.9111111111111112
MF0008,0009,happiness,NA,NA,NA,1,NA,NA,NA,5.208791208791209
MF0008,0009,sadness,0.020618556701030927,0.061855670103092786,0.010309278350515464,0.10309278350515463,0.23711340206185566,0.020618556701030927,0.5463917525773195,2.436893203883495
MF0008,0009,surprise,NA,NA,NA,1,NA,NA,NA,2.2142857142857144
MF0008,0010,anger,0.13157894736842105,0.02631578947368421,0.02631578947368421,0.043859649122807015,0.2807017543859649,0.02631578947368421,0.4649122807017544,2.642857142857143
MF0008,0010,disgust,0.3917525773195876,0.09278350515463918,0.030927835051546393,0.020618556701030927,0.20618556701030927,0.020618556701030927,0.23711340206185566,2.241758241758242
MF0008,0010,fear,0.11494252873563218,0.034482758620689655,0.034482758620689655,0.034482758620689655,0.3333333333333333,0.034482758620689655,0.41379310344827586,2.1444444444444444
MF0008,0010,happiness,0.011363636363636364,NA,NA,0.9772727272727273,NA,NA,0.011363636363636364,3.681318681318681
MF0008,0010,sadness,0.2268041237113402,0.05154639175257732,0.030927835051546393,0.010309278350515464,0.31958762886597936,0.010309278350515464,0.35051546391752575,2.883495145631068
MF0008,0010,surprise,NA,NA,NA,0.9883720930232558,0.011627906976744186,NA,NA,2.2023809523809526
MF0008,0011,anger,0.043859649122807015,0.008771929824561403,0.05263157894736842,0.07017543859649122,0.3157894736842105,0.043859649122807015,0.4649122807017544,2.2023809523809526
MF0008,0011,disgust,0.07216494845360824,0.08247422680412371,0.05154639175257732,0.020618556701030927,0.38144329896907214,0.020618556701030927,0.3711340206185567,1.978021978021978
MF0008,0011,fear,0.022988505747126436,0.022988505747126436,0.08045977011494253,0.06896551724137931,0.3448275862068966,NA,0.45977011494252873,2.1777777777777776
MF0008,0011,happiness,NA,NA,NA,0.9772727272727273,NA,0.022727272727272728,NA,4.824175824175824
MF0008,0011,sadness,0.020618556701030927,0.010309278350515464,0.030927835051546393,0.041237113402061855,0.28865979381443296,0.041237113402061855,0.5670103092783505,3
MF0008,0011,surprise,NA,NA,0.08139534883720931,0.5697674418604651,0.023255813953488372,0.023255813953488372,0.3023255813953488,1.75
MF0008,0012,anger,0.03508771929824561,0.11403508771929824,0.21052631578947367,0.07017543859649122,0.21052631578947367,0.06140350877192982,0.2982456140350877,2.3452380952380953
MF0008,0012,disgust,NA,0.061855670103092786,0.041237113402061855,0.7216494845360825,0.07216494845360824,NA,0.10309278350515463,1.7252747252747254
MF0008,0012,fear,NA,0.011494252873563218,0.011494252873563218,0.5517241379310345,0.04597701149425287,0.1839080459770115,0.19540229885057472,2.3666666666666667
MF0008,0012,happiness,NA,0.011363636363636364,0.011363636363636364,0.9545454545454546,NA,NA,0.022727272727272728,4.593406593406593
MF0008,0012,sadness,0.030927835051546393,0.041237113402061855,0.10309278350515463,0.030927835051546393,0.7010309278350515,0.020618556701030927,0.07216494845360824,4.233009708737864
MF0008,0012,surprise,NA,NA,NA,0.9418604651162791,NA,0.046511627906976744,0.011627906976744186,2.130952380952381
MF0010,0001,anger,0.24561403508771928,0.07894736842105263,0.043859649122807015,NA,0.3157894736842105,0.008771929824561403,0.30701754385964913,2.880952380952381
MF0010,0001,disgust,0.12371134020618557,0.5876288659793815,0.020618556701030927,0.08247422680412371,0.07216494845360824,0.020618556701030927,0.09278350515463918,2.857142857142857
MF0010,0001,fear,NA,NA,0.11494252873563218,0.022988505747126436,NA,0.8620689655172413,NA,5.233333333333333
MF0010,0001,happiness,NA,NA,NA,1,NA,NA,NA,5.43956043956044
MF0010,0001,sadness,0.17525773195876287,0.13402061855670103,0.030927835051546393,NA,0.3402061855670103,0.010309278350515464,0.30927835051546393,3.4174757281553396
MF0010,0001,surprise,NA,NA,0.011627906976744186,0.09302325581395349,0.011627906976744186,0.8837209302325582,NA,5.880952380952381
MF0010,0002,anger,0.3684210526315789,0.23684210526315788,0.07894736842105263,0.008771929824561403,0.11403508771929824,0.14912280701754385,0.043859649122807015,4.238095238095238
MF0010,0002,disgust,0.061855670103092786,0.5257731958762887,0.05154639175257732,0.030927835051546393,0.15463917525773196,0.13402061855670103,0.041237113402061855,3.3736263736263736
MF0010,0002,fear,0.05747126436781609,0.05747126436781609,0.3333333333333333,0.011494252873563218,0.28735632183908044,0.20689655172413793,0.04597701149425287,4.122222222222222
MF0010,0002,happiness,NA,NA,NA,0.9772727272727273,0.022727272727272728,NA,NA,5.010989010989011
MF0010,0002,sadness,0.1134020618556701,0.15463917525773196,0.16494845360824742,NA,0.4639175257731959,0.030927835051546393,0.07216494845360824,4.281553398058253
MF0010,0002,surprise,0.03488372093023256,NA,0.09302325581395349,0.011627906976744186,0.08139534883720931,0.6511627906976745,0.12790697674418605,2.4642857142857144
MF0010,0003,anger,0.08771929824561403,0.08771929824561403,0.30701754385964913,0.043859649122807015,0.03508771929824561,0.32456140350877194,0.11403508771929824,3.107142857142857
MF0010,0003,disgust,0.030927835051546393,0.061855670103092786,0.5360824742268041,0.16494845360824742,0.020618556701030927,0.16494845360824742,0.020618556701030927,4
MF0010,0003,fear,0.034482758620689655,0.011494252873563218,0.27586206896551724,NA,NA,0.6781609195402298,NA,4.844444444444444
MF0010,0003,happiness,0.022727272727272728,NA,0.011363636363636364,0.8863636363636364,NA,NA,0.07954545454545454,3.3846153846153846
MF0010,0003,sadness,0.05154639175257732,0.12371134020618557,0.38144329896907214,0.010309278350515464,0.041237113402061855,0.20618556701030927,0.18556701030927836,2.9902912621359223
MF0010,0003,surprise,0.011627906976744186,0.046511627906976744,0.1511627906976744,0.10465116279069768,NA,0.6395348837209303,0.046511627906976744,4.511904761904762
MF0010,0004,anger,0.5614035087719298,0.07894736842105263,0.10526315789473684,NA,0.08771929824561403,0.06140350877192982,0.10526315789473684,3.8095238095238093
MF0010,0004,disgust,0.35051546391752575,0.4948453608247423,0.010309278350515464,NA,0.09278350515463918,0.041237113402061855,0.010309278350515464,4.681318681318682
MF0010,0004,fear,0.06896551724137931,0.011494252873563218,0.2413793103448276,0.011494252873563218,NA,0.6551724137931034,0.011494252873563218,4.8
MF0010,0004,happiness,NA,NA,NA,0.9772727272727273,0.022727272727272728,NA,NA,4.967032967032967
MF0010,0004,sadness,0.10309278350515463,0.030927835051546393,0.08247422680412371,0.010309278350515464,0.25773195876288657,0.061855670103092786,0.4536082474226804,2.8932038834951457
MF0010,0004,surprise,NA,NA,0.05813953488372093,NA,0.023255813953488372,0.9186046511627907,NA,4.809523809523809
MF0010,0005,anger,0.2982456140350877,0.11403508771929824,0.08771929824561403,0.017543859649122806,0.2631578947368421,0.043859649122807015,0.17543859649122806,3.238095238095238
MF0010,0005,disgust,0.1958762886597938,0.28865979381443296,0.09278350515463918,0.010309278350515464,0.27835051546391754,0.010309278350515464,0.12371134020618557,3.5384615384615383
MF0010,0005,fear,0.022988505747126436,0.05747126436781609,0.10344827586206896,0.14942528735632185,0.1724137931034483,0.10344827586206896,0.39080459770114945,2.6666666666666665
MF0010,0005,happiness,NA,0.011363636363636364,NA,0.9772727272727273,NA,NA,0.011363636363636364,5.472527472527473
MF0010,0005,sadness,0.061855670103092786,0.08247422680412371,0.14432989690721648,NA,0.4845360824742268,0.020618556701030927,0.20618556701030927,3.970873786407767
MF0010,0005,surprise,0.023255813953488372,NA,0.03488372093023256,0.37209302325581395,0.06976744186046512,0.18604651162790697,0.313953488372093,2
MF0010,0006,anger,0.6666666666666666,0.09649122807017543,0.03508771929824561,0.017543859649122806,0.13157894736842105,0.02631578947368421,0.02631578947368421,4.357142857142857
MF0010,0006,disgust,0.21649484536082475,0.4948453608247423,0.020618556701030927,0.010309278350515464,0.1958762886597938,0.020618556701030927,0.041237113402061855,3.8351648351648353
MF0010,0006,fear,0.011494252873563218,0.04597701149425287,0.14942528735632185,NA,0.04597701149425287,0.6666666666666666,0.08045977011494253,4.166666666666667
MF0010,0006,happiness,NA,0.011363636363636364,NA,0.9659090909090909,NA,0.011363636363636364,0.011363636363636364,4.637362637362638
MF0010,0006,sadness,0.12371134020618557,0.041237113402061855,0.12371134020618557,0.020618556701030927,0.44329896907216493,0.010309278350515464,0.23711340206185566,3.6699029126213594
MF0010,0006,surprise,0.05813953488372093,0.023255813953488372,0.11627906976744186,0.011627906976744186,0.05813953488372093,0.6511627906976745,0.08139534883720931,2.7976190476190474
MF0010,0007,anger,0.5263157894736842,0.11403508771929824,0.02631578947368421,NA,0.19298245614035087,0.03508771929824561,0.10526315789473684,4.25
MF0010,0007,disgust,0.07216494845360824,0.6288659793814433,0.07216494845360824,NA,0.07216494845360824,0.09278350515463918,0.061855670103092786,4.945054945054945
MF0010,0007,fear,0.1724137931034483,0.2988505747126437,0.04597701149425287,0.011494252873563218,0.42528735632183906,NA,0.04597701149425287,2.8444444444444446
MF0010,0007,happiness,NA,NA,0.011363636363636364,0.9545454545454546,0.011363636363636364,0.022727272727272728,NA,5.450549450549451
MF0010,0007,sadness,0.24742268041237114,0.18556701030927836,0.010309278350515464,NA,0.36082474226804123,0.010309278350515464,0.18556701030927836,4.058252427184466
MF0010,0007,surprise,0.08139534883720931,0.18604651162790697,0.10465116279069768,NA,0.16279069767441862,0.27906976744186046,0.18604651162790697,2.8333333333333335
MF0010,0008,anger,0.6666666666666666,0.11403508771929824,0.017543859649122806,NA,0.06140350877192982,0.07894736842105263,0.06140350877192982,5.0476190476190474
MF0010,0008,disgust,0.1958762886597938,0.4639175257731959,0.061855670103092786,NA,0.07216494845360824,0.16494845360824742,0.041237113402061855,5.21978021978022
MF0010,0008,fear,NA,0.034482758620689655,0.034482758620689655,0.1839080459770115,0.022988505747126436,0.5977011494252874,0.12643678160919541,3.2333333333333334
MF0010,0008,happiness,NA,0.10227272727272728,NA,0.7727272727272727,0.011363636363636364,0.045454545454545456,0.06818181818181818,4.010989010989011
MF0010,0008,sadness,0.4948453608247423,0.16494845360824742,0.030927835051546393,NA,0.21649484536082475,0.010309278350515464,0.08247422680412371,4.533980582524272
MF0010,0008,surprise,0.023255813953488372,0.046511627906976744,0.03488372093023256,0.12790697674418605,0.023255813953488372,0.6744186046511628,0.06976744186046512,3.607142857142857
MF0010,0009,anger,0.2631578947368421,0.5350877192982456,0.017543859649122806,0.10526315789473684,NA,0.043859649122807015,0.03508771929824561,4.404761904761905
MF0010,0009,disgust,0.30927835051546393,0.6597938144329897,0.010309278350515464,NA,0.010309278350515464,NA,0.010309278350515464,6.329670329670329
MF0010,0009,fear,0.011494252873563218,0.08045977011494253,0.28735632183908044,0.13793103448275862,0.034482758620689655,0.3793103448275862,0.06896551724137931,5.066666666666666
MF0010,0009,happiness,NA,NA,NA,0.9772727272727273,0.011363636363636364,0.011363636363636364,NA,4.78021978021978
MF0010,0009,sadness,0.09278350515463918,0.030927835051546393,0.16494845360824742,0.010309278350515464,0.44329896907216493,0.020618556701030927,0.23711340206185566,4.339805825242719
MF0010,0009,surprise,0.011627906976744186,0.011627906976744186,0.06976744186046512,0.023255813953488372,NA,0.872093023255814,0.011627906976744186,5.845238095238095
MF0010,0010,anger,0.08771929824561403,0.09649122807017543,0.21929824561403508,0.008771929824561403,0.07017543859649122,0.5087719298245614,0.008771929824561403,4.476190476190476
MF0010,0010,disgust,0.30927835051546393,0.21649484536082475,0.041237113402061855,NA,0.28865979381443296,0.030927835051546393,0.1134020618556701,3.7142857142857144
MF0010,0010,fear,0.011494252873563218,0.011494252873563218,0.13793103448275862,NA,NA,0.8390804597701149,NA,5.977777777777778
MF0010,0010,happiness,0.022727272727272728,NA,0.011363636363636364,0.7272727272727273,0.03409090909090909,0.022727272727272728,0.18181818181818182,2.7472527472527473
MF0010,0010,sadness,0.2268041237113402,0.030927835051546393,0.05154639175257732,NA,0.35051546391752575,0.020618556701030927,0.31958762886597936,4.067961165048544
MF0010,0010,surprise,NA,0.011627906976744186,0.046511627906976744,0.03488372093023256,NA,0.9069767441860465,NA,5.690476190476191
MF0010,0011,anger,0.6754385964912281,0.09649122807017543,0.06140350877192982,0.008771929824561403,0.017543859649122806,0.09649122807017543,0.043859649122807015,5.392857142857143
MF0010,0011,disgust,0.08247422680412371,0.16494845360824742,0.4536082474226804,NA,0.1958762886597938,0.10309278350515463,NA,4.945054945054945
MF0010,0011,fear,0.12643678160919541,0.022988505747126436,0.16091954022988506,NA,0.022988505747126436,0.6091954022988506,0.05747126436781609,4.377777777777778
MF0010,0011,happiness,NA,0.011363636363636364,NA,0.9659090909090909,NA,NA,0.022727272727272728,4.4945054945054945
MF0010,0011,sadness,0.041237113402061855,0.020618556701030927,0.08247422680412371,0.030927835051546393,0.36082474226804123,0.041237113402061855,0.422680412371134,3.2135922330097086
MF0010,0011,surprise,NA,0.011627906976744186,0.046511627906976744,NA,0.03488372093023256,0.872093023255814,0.03488372093023256,4.583333333333333
MF0010,0012,anger,0.07894736842105263,0.06140350877192982,0.02631578947368421,0.02631578947368421,0.39473684210526316,NA,0.41228070175438597,2.6666666666666665
MF0010,0012,disgust,0.041237113402061855,0.6082474226804123,0.05154639175257732,0.020618556701030927,0.10309278350515463,0.10309278350515463,0.07216494845360824,3.7142857142857144
MF0010,0012,fear,NA,NA,0.08045977011494253,NA,0.011494252873563218,0.896551724137931,0.011494252873563218,4.522222222222222
MF0010,0012,happiness,NA,NA,NA,0.8863636363636364,0.011363636363636364,0.022727272727272728,0.07954545454545454,3.1648351648351647
MF0010,0012,sadness,0.07216494845360824,0.07216494845360824,0.030927835051546393,NA,0.32989690721649484,0.010309278350515464,0.4845360824742268,3
MF0010,0012,surprise,NA,0.011627906976744186,NA,0.6395348837209303,NA,0.3488372093023256,NA,4.726190476190476
MF0010,0013,anger,0.47368421052631576,0.22807017543859648,0.05263157894736842,0.03508771929824561,0.02631578947368421,0.06140350877192982,0.12280701754385964,4.488095238095238
MF0010,0013,disgust,0.041237113402061855,0.4020618556701031,0.32989690721649484,NA,0.041237113402061855,0.041237113402061855,0.14432989690721648,5.274725274725275
MF0010,0013,fear,NA,0.13793103448275862,0.27586206896551724,0.022988505747126436,NA,0.5057471264367817,0.05747126436781609,5.311111111111111
MF0010,0013,happiness,0.011363636363636364,NA,NA,0.9772727272727273,NA,0.011363636363636364,NA,5.714285714285714
MF0010,0013,sadness,0.030927835051546393,0.31958762886597936,0.13402061855670103,0.010309278350515464,0.4020618556701031,0.061855670103092786,0.041237113402061855,5.339805825242719
MF0010,0013,surprise,0.023255813953488372,0.011627906976744186,0.05813953488372093,0.11627906976744186,0.011627906976744186,0.7558139534883721,0.023255813953488372,6.023809523809524
MF0010,0014,anger,0.12280701754385964,0.10526315789473684,0.03508771929824561,0.043859649122807015,0.39473684210526316,0.017543859649122806,0.2807017543859649,2.7738095238095237
MF0010,0014,disgust,NA,0.29896907216494845,0.13402061855670103,0.010309278350515464,0.5051546391752577,NA,0.05154639175257732,4.175824175824176
MF0010,0014,fear,0.06896551724137931,0.16091954022988506,0.2413793103448276,NA,0.28735632183908044,0.10344827586206896,0.13793103448275862,3.2555555555555555
MF0010,0014,happiness,NA,0.18181818181818182,0.11363636363636363,0.38636363636363635,0.23863636363636365,0.011363636363636364,0.06818181818181818,3.5164835164835164
MF0010,0014,sadness,0.07216494845360824,0.17525773195876287,0.09278350515463918,0.020618556701030927,0.4329896907216495,0.010309278350515464,0.1958762886597938,4.359223300970874
MF0010,0014,surprise,NA,0.1511627906976744,0.05813953488372093,0.046511627906976744,0.023255813953488372,0.6627906976744186,0.05813953488372093,3.892857142857143
MF0011,0001,anger,0.12280701754385964,0.07017543859649122,0.05263157894736842,0.12280701754385964,0.17543859649122806,0.07017543859649122,0.38596491228070173,2.619047619047619
MF0011,0001,disgust,0.020618556701030927,0.12371134020618557,0.061855670103092786,0.23711340206185566,0.1958762886597938,0.041237113402061855,0.31958762886597936,2.1648351648351647
MF0011,0001,fear,NA,NA,0.13793103448275862,0.034482758620689655,0.022988505747126436,0.7241379310344828,0.08045977011494253,3.411111111111111
MF0011,0001,happiness,NA,0.011363636363636364,NA,0.9659090909090909,NA,NA,0.022727272727272728,4.626373626373627
MF0011,0001,sadness,0.07216494845360824,0.041237113402061855,0.061855670103092786,0.010309278350515464,0.32989690721649484,NA,0.4845360824742268,3.0679611650485437
MF0011,0001,surprise,NA,NA,0.03488372093023256,0.686046511627907,NA,0.22093023255813954,0.05813953488372093,2.7261904761904763
MF0011,0002,anger,0.2894736842105263,0.07894736842105263,0.017543859649122806,0.017543859649122806,0.37719298245614036,0.07017543859649122,0.14912280701754385,3.130952380952381
MF0011,0002,disgust,0.061855670103092786,0.6701030927835051,0.05154639175257732,NA,0.17525773195876287,0.020618556701030927,0.020618556701030927,4.153846153846154
MF0011,0002,fear,0.034482758620689655,0.011494252873563218,0.04597701149425287,0.034482758620689655,0.3333333333333333,0.022988505747126436,0.5172413793103449,2.2222222222222223
MF0011,0002,happiness,NA,NA,0.011363636363636364,0.9886363636363636,NA,NA,NA,4.615384615384615
MF0011,0002,sadness,0.030927835051546393,NA,0.041237113402061855,0.020618556701030927,0.4639175257731959,0.020618556701030927,0.422680412371134,3.2233009708737863
MF0011,0002,surprise,0.011627906976744186,0.011627906976744186,0.06976744186046512,0.011627906976744186,0.011627906976744186,0.8837209302325582,NA,3.9047619047619047
MF0011,0003,anger,0.2807017543859649,0.017543859649122806,0.07017543859649122,NA,0.43859649122807015,0.043859649122807015,0.14912280701754385,3.630952380952381
MF0011,0003,disgust,0.20618556701030927,0.41237113402061853,0.08247422680412371,0.020618556701030927,0.18556701030927836,0.061855670103092786,0.030927835051546393,3.912087912087912
MF0011,0003,fear,0.09195402298850575,0.05747126436781609,0.20689655172413793,0.011494252873563218,0.5862068965517241,0.011494252873563218,0.034482758620689655,4.2
MF0011,0003,happiness,NA,NA,NA,0.9659090909090909,NA,NA,0.03409090909090909,4.8791208791208796
MF0011,0003,sadness,0.07216494845360824,0.041237113402061855,0.15463917525773196,0.010309278350515464,0.6907216494845361,NA,0.030927835051546393,5.184466019417476
MF0011,0003,surprise,0.03488372093023256,0.03488372093023256,0.32558139534883723,0.011627906976744186,0.06976744186046512,0.4883720930232558,0.03488372093023256,3.7261904761904763
MF0011,0004,anger,0.2631578947368421,0.13157894736842105,0.06140350877192982,0.02631578947368421,0.07894736842105263,0.15789473684210525,0.2807017543859649,2.9523809523809526
MF0011,0004,disgust,0.10309278350515463,0.17525773195876287,0.061855670103092786,0.05154639175257732,0.08247422680412371,0.1958762886597938,0.32989690721649484,2.5384615384615383
MF0011,0004,fear,0.022988505747126436,NA,0.09195402298850575,0.011494252873563218,0.011494252873563218,0.7701149425287356,0.09195402298850575,3.2777777777777777
MF0011,0004,happiness,NA,NA,NA,1,NA,NA,NA,4.956043956043956
MF0011,0004,sadness,0.010309278350515464,0.030927835051546393,0.041237113402061855,0.20618556701030927,0.13402061855670103,0.030927835051546393,0.5463917525773195,2.174757281553398
MF0011,0004,surprise,0.011627906976744186,0.023255813953488372,0.05813953488372093,0.38372093023255816,0.023255813953488372,0.2558139534883721,0.2441860465116279,2.0833333333333335
MF0011,0005,anger,0.2807017543859649,0.03508771929824561,0.017543859649122806,0.017543859649122806,0.2894736842105263,0.008771929824561403,0.3508771929824561,3.0952380952380953
MF0011,0005,disgust,0.27835051546391754,0.1134020618556701,0.05154639175257732,0.020618556701030927,0.23711340206185566,0.010309278350515464,0.28865979381443296,2.2857142857142856
MF0011,0005,fear,0.2413793103448276,0.022988505747126436,0.20689655172413793,NA,0.16091954022988506,0.27586206896551724,0.09195402298850575,3.1333333333333333
MF0011,0005,happiness,NA,0.011363636363636364,NA,0.9772727272727273,NA,NA,0.011363636363636364,4.461538461538462
MF0011,0005,sadness,0.2268041237113402,0.020618556701030927,0.020618556701030927,0.020618556701030927,0.36082474226804123,NA,0.35051546391752575,3.407766990291262
MF0011,0005,surprise,0.03488372093023256,0.011627906976744186,NA,0.011627906976744186,0.27906976744186046,0.18604651162790697,0.47674418604651164,1.75
MF0011,0006,anger,0.7209302325581395,0.06976744186046512,0.011627906976744186,0.011627906976744186,0.12790697674418605,0.023255813953488372,0.03488372093023256,4.583333333333333
MF0011,0006,disgust,0.45614035087719296,0.07017543859649122,0.017543859649122806,0.017543859649122806,0.2982456140350877,0.008771929824561403,0.13157894736842105,2.5274725274725274
MF0011,0006,fear,0.41237113402061853,0.041237113402061855,0.041237113402061855,0.020618556701030927,0.2268041237113402,0.020618556701030927,0.23711340206185566,2.4444444444444446
MF0011,0006,happiness,NA,0.011494252873563218,NA,0.9540229885057471,NA,0.011494252873563218,0.022988505747126436,3.6263736263736264
MF0011,0006,sadness,0.3977272727272727,0.056818181818181816,0.022727272727272728,NA,0.19318181818181818,0.011363636363636364,0.3181818181818182,3.679611650485437
MF0011,0006,surprise,0.30927835051546393,0.030927835051546393,0.07216494845360824,0.030927835051546393,0.24742268041237114,0.020618556701030927,0.28865979381443296,1.7619047619047619
MF0011,0007,anger,0.27906976744186046,0.23255813953488372,0.023255813953488372,0.023255813953488372,0.10465116279069768,0.18604651162790697,0.1511627906976744,3.1785714285714284
MF0011,0007,disgust,0.043859649122807015,0.34210526315789475,0.008771929824561403,0.07894736842105263,0.2719298245614035,0.02631578947368421,0.22807017543859648,2.769230769230769
MF0011,0007,fear,0.010309278350515464,0.041237113402061855,0.030927835051546393,0.09278350515463918,0.020618556701030927,0.7628865979381443,0.041237113402061855,3.3555555555555556
MF0011,0007,happiness,NA,NA,NA,0.9885057471264368,NA,NA,0.011494252873563218,5.197802197802198
MF0011,0007,sadness,0.03409090909090909,0.022727272727272728,0.11363636363636363,0.13636363636363635,0.32954545454545453,0.045454545454545456,0.3181818181818182,3.058252427184466
MF0011,0007,surprise,NA,NA,0.030927835051546393,0.05154639175257732,0.020618556701030927,0.865979381443299,0.030927835051546393,3.8452380952380953
MF0011,0008,anger,0.29069767441860467,0.32558139534883723,0.023255813953488372,NA,0.08139534883720931,0.2558139534883721,0.023255813953488372,4.119047619047619
MF0011,0008,disgust,0.05263157894736842,0.5701754385964912,0.08771929824561403,0.017543859649122806,0.03508771929824561,0.19298245614035087,0.043859649122807015,4.472527472527473
MF0011,0008,fear,0.07216494845360824,0.15463917525773196,0.35051546391752575,NA,0.1134020618556701,0.25773195876288657,0.05154639175257732,4.3
MF0011,0008,happiness,NA,0.13793103448275862,0.04597701149425287,0.632183908045977,0.04597701149425287,0.05747126436781609,0.08045977011494253,3.8241758241758244
MF0011,0008,sadness,0.056818181818181816,0.11363636363636363,0.18181818181818182,NA,0.3522727272727273,0.14772727272727273,0.14772727272727273,4.427184466019417
MF0011,0008,surprise,NA,0.020618556701030927,0.27835051546391754,0.010309278350515464,NA,0.6701030927835051,0.020618556701030927,4.488095238095238
MF0011,0009,anger,0.2558139534883721,0.03488372093023256,NA,0.011627906976744186,0.32558139534883723,NA,0.37209302325581395,3.0833333333333335
MF0011,0009,disgust,0.38596491228070173,0.11403508771929824,0.043859649122807015,NA,0.38596491228070173,0.008771929824561403,0.06140350877192982,3.5054945054945055
MF0011,0009,fear,0.25773195876288657,0.030927835051546393,0.10309278350515463,0.020618556701030927,0.17525773195876287,0.1134020618556701,0.29896907216494845,2.7777777777777777
MF0011,0009,happiness,NA,NA,NA,1,NA,NA,NA,5.527472527472527
MF0011,0009,sadness,0.23863636363636365,0.022727272727272728,0.011363636363636364,NA,0.3409090909090909,0.011363636363636364,0.375,3.3883495145631066
MF0011,0009,surprise,0.010309278350515464,0.010309278350515464,0.061855670103092786,NA,0.030927835051546393,0.865979381443299,0.020618556701030927,3.8333333333333335
MF0011,0010,anger,0.06976744186046512,0.03488372093023256,0.046511627906976744,0.03488372093023256,0.18604651162790697,0.023255813953488372,0.6046511627906976,2.1666666666666665
MF0011,0010,disgust,0.09649122807017543,0.09649122807017543,0.017543859649122806,0.15789473684210525,0.12280701754385964,0.15789473684210525,0.3508771929824561,2
MF0011,0010,fear,0.041237113402061855,0.041237113402061855,NA,0.24742268041237114,0.12371134020618557,0.010309278350515464,0.5360824742268041,1.8111111111111111
MF0011,0010,happiness,NA,NA,NA,0.9655172413793104,NA,0.034482758620689655,NA,4.142857142857143
MF0011,0010,sadness,0.045454545454545456,0.022727272727272728,0.011363636363636364,0.17045454545454544,0.2159090909090909,NA,0.5340909090909091,2.5242718446601944
MF0011,0010,surprise,NA,0.010309278350515464,0.010309278350515464,0.3917525773195876,0.05154639175257732,0.29896907216494845,0.23711340206185566,2.3452380952380953
MF0011,0011,anger,0.11627906976744186,NA,NA,0.12790697674418605,0.27906976744186046,0.011627906976744186,0.46511627906976744,2.1785714285714284
MF0011,0011,disgust,0.02631578947368421,0.2719298245614035,0.03508771929824561,0.41228070175438597,0.05263157894736842,0.02631578947368421,0.17543859649122806,2.5934065934065935
MF0011,0011,fear,0.041237113402061855,0.07216494845360824,0.030927835051546393,0.08247422680412371,0.15463917525773196,0.020618556701030927,0.5979381443298969,2.2444444444444445
MF0011,0011,happiness,NA,NA,NA,0.9655172413793104,NA,0.011494252873563218,0.022988505747126436,4.230769230769231
MF0011,0011,sadness,0.03409090909090909,0.03409090909090909,0.03409090909090909,0.125,0.20454545454545456,0.011363636363636364,0.5568181818181818,2.466019417475728
MF0011,0011,surprise,NA,NA,0.010309278350515464,0.8762886597938144,0.010309278350515464,0.030927835051546393,0.07216494845360824,1.9523809523809523
MF0012,0001,anger,0.5116279069767442,0.3372093023255814,NA,NA,0.09302325581395349,0.046511627906976744,0.011627906976744186,4.785714285714286
MF0012,0001,disgust,0.07017543859649122,0.8596491228070176,0.017543859649122806,NA,0.03508771929824561,0.008771929824561403,0.008771929824561403,4.868131868131868
MF0012,0001,fear,0.061855670103092786,0.07216494845360824,0.30927835051546393,0.010309278350515464,0.05154639175257732,0.4742268041237113,0.020618556701030927,4.788888888888889
MF0012,0001,happiness,NA,NA,NA,1,NA,NA,NA,5.670329670329671
MF0012,0001,sadness,0.022727272727272728,0.36363636363636365,0.011363636363636364,0.022727272727272728,0.5454545454545454,NA,0.03409090909090909,4.718446601941747
MF0012,0001,surprise,NA,0.010309278350515464,0.010309278350515464,0.21649484536082475,NA,0.7525773195876289,0.010309278350515464,4.559523809523809
MF0012,0002,anger,0.22093023255813954,0.05813953488372093,0.03488372093023256,NA,0.43023255813953487,0.023255813953488372,0.23255813953488372,3.2857142857142856
MF0012,0002,disgust,0.2894736842105263,0.06140350877192982,0.02631578947368421,NA,0.45614035087719296,0.02631578947368421,0.14035087719298245,2.78021978021978
MF0012,0002,fear,0.27835051546391754,0.041237113402061855,0.10309278350515463,0.010309278350515464,0.12371134020618557,0.23711340206185566,0.20618556701030927,2.8444444444444446
MF0012,0002,happiness,0.06896551724137931,0.04597701149425287,0.034482758620689655,0.16091954022988506,0.25287356321839083,0.04597701149425287,0.39080459770114945,1.8461538461538463
MF0012,0002,sadness,0.22727272727272727,0.09090909090909091,0.022727272727272728,0.011363636363636364,0.48863636363636365,0.022727272727272728,0.13636363636363635,4.300970873786408
MF0012,0002,surprise,0.14432989690721648,0.16494845360824742,0.061855670103092786,NA,0.08247422680412371,0.4742268041237113,0.07216494845360824,2.8214285714285716
MF0012,0003,anger,0.4069767441860465,0.05813953488372093,0.03488372093023256,0.011627906976744186,0.23255813953488372,0.05813953488372093,0.19767441860465115,3.107142857142857
MF0012,0003,disgust,0.03508771929824561,0.2543859649122807,0.05263157894736842,0.10526315789473684,0.10526315789473684,0.17543859649122806,0.2719298245614035,2.4285714285714284
MF0012,0003,fear,NA,0.020618556701030927,0.12371134020618557,0.05154639175257732,0.041237113402061855,0.6907216494845361,0.07216494845360824,3.111111111111111
MF0012,0003,happiness,NA,NA,NA,0.9885057471264368,0.011494252873563218,NA,NA,5.010989010989011
MF0012,0003,sadness,0.022727272727272728,0.056818181818181816,0.056818181818181816,0.022727272727272728,0.6022727272727273,0.011363636363636364,0.22727272727272727,3.9029126213592233
MF0012,0003,surprise,NA,0.010309278350515464,0.010309278350515464,0.4536082474226804,0.010309278350515464,0.44329896907216493,0.07216494845360824,3.0833333333333335
MF0012,0004,anger,0.46511627906976744,0.11627906976744186,0.05813953488372093,0.011627906976744186,0.18604651162790697,0.06976744186046512,0.09302325581395349,3.7023809523809526
MF0012,0004,disgust,0.03508771929824561,0.8421052631578947,0.03508771929824561,0.017543859649122806,0.02631578947368421,0.043859649122807015,NA,5.406593406593407
MF0012,0004,fear,0.010309278350515464,0.030927835051546393,0.3711340206185567,0.05154639175257732,0.12371134020618557,0.29896907216494845,0.1134020618556701,3.6444444444444444
MF0012,0004,happiness,NA,NA,NA,0.9885057471264368,NA,0.011494252873563218,NA,5.164835164835165
MF0012,0004,sadness,0.25,0.011363636363636364,0.045454545454545456,0.011363636363636364,0.4090909090909091,0.011363636363636364,0.26136363636363635,3.6699029126213594
MF0012,0004,surprise,NA,NA,0.010309278350515464,0.12371134020618557,NA,0.8556701030927835,0.010309278350515464,4.488095238095238
MF0012,0005,disgust,0.15789473684210525,0.6754385964912281,0.017543859649122806,NA,0.09649122807017543,0.02631578947368421,0.02631578947368421,4.868131868131868
MF0012,0005,fear,0.061855670103092786,0.36082474226804123,0.27835051546391754,0.010309278350515464,0.10309278350515463,0.13402061855670103,0.05154639175257732,4.144444444444445
MF0012,0005,happiness,NA,NA,NA,0.9770114942528736,NA,0.022988505747126436,NA,5.329670329670329
MF0012,0005,sadness,0.045454545454545456,0.09090909090909091,0.022727272727272728,NA,0.6590909090909091,0.03409090909090909,0.14772727272727273,4.194174757281553
MF0012,0005,surprise,NA,0.05154639175257732,0.1134020618556701,0.041237113402061855,0.010309278350515464,0.7731958762886598,0.010309278350515464,5.011904761904762
MF0012,0006,anger,0.6976744186046512,0.06976744186046512,0.03488372093023256,NA,0.16279069767441862,0.011627906976744186,0.023255813953488372,4.273809523809524
MF0012,0006,disgust,0.37719298245614036,0.4473684210526316,0.03508771929824561,NA,0.07894736842105263,0.008771929824561403,0.05263157894736842,3.89010989010989
MF0012,0006,fear,0.020618556701030927,0.010309278350515464,0.23711340206185566,0.010309278350515464,0.05154639175257732,0.6494845360824743,0.020618556701030927,3.988888888888889
MF0012,0006,happiness,NA,NA,0.011494252873563218,0.9770114942528736,0.011494252873563218,NA,NA,5.747252747252747
MF0012,0006,sadness,0.125,0.022727272727272728,0.3181818181818182,0.03409090909090909,0.23863636363636365,0.06818181818181818,0.19318181818181818,3.796116504854369
MF0012,0006,surprise,NA,NA,NA,0.9381443298969072,NA,0.05154639175257732,0.010309278350515464,3
MF0012,0007,anger,0.26744186046511625,0.08139534883720931,0.03488372093023256,0.046511627906976744,0.22093023255813954,0.023255813953488372,0.32558139534883723,3.0714285714285716
MF0012,0007,disgust,0.15789473684210525,0.23684210526315788,0.07017543859649122,0.008771929824561403,0.23684210526315788,0.07017543859649122,0.21929824561403508,2.901098901098901
MF0012,0007,fear,0.1958762886597938,0.061855670103092786,0.030927835051546393,0.010309278350515464,0.26804123711340205,0.010309278350515464,0.422680412371134,2.3444444444444446
MF0012,0007,happiness,NA,NA,NA,0.9885057471264368,NA,NA,0.011494252873563218,5.329670329670329
MF0012,0007,sadness,0.3181818181818182,0.045454545454545456,0.022727272727272728,NA,0.3409090909090909,NA,0.2727272727272727,3.563106796116505
MF0012,0007,surprise,0.020618556701030927,0.041237113402061855,0.10309278350515463,0.07216494845360824,0.13402061855670103,0.12371134020618557,0.5051546391752577,2.1666666666666665
MF0012,0008,anger,0.2558139534883721,0.23255813953488372,0.08139534883720931,NA,0.23255813953488372,0.046511627906976744,0.1511627906976744,3.619047619047619
MF0012,0008,disgust,0.15789473684210525,0.5614035087719298,0.043859649122807015,0.017543859649122806,0.11403508771929824,0.06140350877192982,0.043859649122807015,4.131868131868132
MF0012,0008,happiness,NA,NA,NA,0.9655172413793104,0.022988505747126436,0.011494252873563218,NA,4.670329670329671
MF0012,0008,sadness,0.25,0.1590909090909091,0.06818181818181818,NA,0.3409090909090909,0.056818181818181816,0.125,4.077669902912621
MF0012,0008,surprise,0.020618556701030927,0.030927835051546393,0.29896907216494845,0.020618556701030927,0.12371134020618557,0.38144329896907214,0.12371134020618557,2.5
MF0012,0009,anger,0.38372093023255816,0.03488372093023256,0.023255813953488372,NA,0.3372093023255814,0.023255813953488372,0.19767441860465115,3.0476190476190474
MF0012,0009,disgust,0.02631578947368421,0.8157894736842105,0.03508771929824561,0.02631578947368421,0.05263157894736842,0.03508771929824561,0.008771929824561403,5.010989010989011
MF0012,0009,happiness,NA,0.011494252873563218,NA,0.8045977011494253,0.022988505747126436,0.011494252873563218,0.14942528735632185,2.769230769230769
MF0012,0009,surprise,0.05154639175257732,0.05154639175257732,0.13402061855670103,0.08247422680412371,0.2268041237113402,0.13402061855670103,0.31958762886597936,2.380952380952381
MF0012,0010,anger,0.43023255813953487,0.22093023255813954,0.09302325581395349,0.011627906976744186,0.1744186046511628,0.05813953488372093,0.011627906976744186,4.023809523809524
MF0012,0010,disgust,0.043859649122807015,0.21052631578947367,0.3333333333333333,0.017543859649122806,0.3508771929824561,0.017543859649122806,0.02631578947368421,4.153846153846154
MF0012,0010,fear,0.07216494845360824,0.05154639175257732,0.41237113402061853,NA,0.061855670103092786,0.36082474226804123,0.041237113402061855,4.166666666666667
MF0012,0010,happiness,NA,NA,NA,0.9770114942528736,0.011494252873563218,NA,0.011494252873563218,5.670329670329671
MF0012,0010,sadness,0.03409090909090909,0.19318181818181818,NA,0.011363636363636364,0.6818181818181818,0.03409090909090909,0.045454545454545456,4.834951456310679
MF0012,0010,surprise,0.030927835051546393,0.041237113402061855,0.20618556701030927,0.010309278350515464,NA,0.6907216494845361,0.020618556701030927,4.607142857142857
MF0013,0002,anger,0.16279069767441862,NA,0.023255813953488372,0.08139534883720931,0.16279069767441862,0.06976744186046512,0.5,2.5476190476190474
MF0013,0002,disgust,0.07017543859649122,0.017543859649122806,0.008771929824561403,0.39473684210526316,0.08771929824561403,0.07894736842105263,0.34210526315789475,2.0549450549450547
MF0013,0002,fear,0.030927835051546393,0.07216494845360824,0.1134020618556701,0.07216494845360824,0.041237113402061855,0.24742268041237114,0.422680412371134,2.477777777777778
MF0013,0002,happiness,NA,0.011494252873563218,NA,0.9655172413793104,0.011494252873563218,0.011494252873563218,NA,4.615384615384615
MF0013,0002,sadness,0.045454545454545456,0.045454545454545456,0.011363636363636364,0.06818181818181818,0.125,0.11363636363636363,0.5909090909090909,2.6893203883495147
MF0013,0002,surprise,0.010309278350515464,0.020618556701030927,0.05154639175257732,0.16494845360824742,NA,0.6082474226804123,0.14432989690721648,3.0476190476190474
MF0013,0003,anger,0.11627906976744186,0.18604651162790697,0.313953488372093,NA,0.16279069767441862,0.18604651162790697,0.03488372093023256,3.2738095238095237
MF0013,0003,disgust,0.14035087719298245,0.6228070175438597,0.07894736842105263,0.008771929824561403,0.13157894736842105,NA,0.017543859649122806,6.648351648351649
MF0013,0003,fear,NA,NA,0.07216494845360824,0.5567010309278351,NA,0.3711340206185567,NA,3.1555555555555554
MF0013,0003,happiness,0.011494252873563218,NA,NA,0.9885057471264368,NA,NA,NA,6.186813186813187
MF0013,0003,sadness,NA,0.056818181818181816,0.03409090909090909,NA,0.7954545454545454,0.011363636363636364,0.10227272727272728,5.087378640776699
MF0013,0003,surprise,0.020618556701030927,0.010309278350515464,0.05154639175257732,0.5567010309278351,NA,0.31958762886597936,0.041237113402061855,4.869047619047619
MF0013,0004,anger,0.046511627906976744,0.8604651162790697,0.011627906976744186,NA,0.011627906976744186,0.05813953488372093,0.011627906976744186,4.511904761904762
MF0013,0004,disgust,0.10526315789473684,0.543859649122807,0.09649122807017543,NA,0.09649122807017543,0.12280701754385964,0.03508771929824561,4.4945054945054945
MF0013,0004,fear,0.041237113402061855,0.36082474226804123,0.05154639175257732,0.010309278350515464,0.23711340206185566,0.18556701030927836,0.1134020618556701,3.2444444444444445
MF0013,0004,happiness,NA,0.011494252873563218,NA,0.9770114942528736,0.011494252873563218,NA,NA,5.461538461538462
MF0013,0004,sadness,0.011363636363636364,0.09090909090909091,0.045454545454545456,0.10227272727272728,0.45454545454545453,0.011363636363636364,0.2840909090909091,2.970873786407767
MF0013,0004,surprise,NA,0.010309278350515464,NA,0.9896907216494846,NA,NA,NA,2.4523809523809526
MF0013,0005,anger,0.5116279069767442,0.13953488372093023,0.046511627906976744,NA,0.16279069767441862,0.03488372093023256,0.10465116279069768,3.619047619047619
MF0013,0005,disgust,0.20175438596491227,0.4824561403508772,0.08771929824561403,0.017543859649122806,0.05263157894736842,0.08771929824561403,0.07017543859649122,3.868131868131868
MF0013,0005,fear,0.061855670103092786,0.14432989690721648,0.08247422680412371,0.030927835051546393,0.020618556701030927,0.5670103092783505,0.09278350515463918,3.1333333333333333
MF0013,0005,happiness,NA,0.011494252873563218,NA,0.9080459770114943,NA,0.022988505747126436,0.05747126436781609,3.901098901098901
MF0013,0005,sadness,0.4431818181818182,0.25,0.011363636363636364,0.011363636363636364,0.06818181818181818,0.045454545454545456,0.17045454545454544,3.4563106796116503
MF0013,0005,surprise,NA,NA,0.010309278350515464,0.020618556701030927,0.020618556701030927,0.9278350515463918,0.020618556701030927,4.7976190476190474
MF0013,0006,anger,0.09302325581395349,0.08139534883720931,0.011627906976744186,0.03488372093023256,0.3023255813953488,0.046511627906976744,0.43023255813953487,2.880952380952381
MF0013,0006,disgust,0.12280701754385964,0.13157894736842105,0.03508771929824561,0.017543859649122806,0.2982456140350877,0.02631578947368421,0.3684210526315789,2.4065934065934065
MF0013,0006,fear,0.1134020618556701,0.08247422680412371,0.030927835051546393,0.08247422680412371,0.09278350515463918,0.041237113402061855,0.5567010309278351,1.9777777777777779
MF0013,0006,happiness,0.05747126436781609,0.05747126436781609,0.022988505747126436,0.22988505747126436,0.1724137931034483,0.034482758620689655,0.42528735632183906,2.340659340659341
MF0013,0006,sadness,0.14772727272727273,0.06818181818181818,0.03409090909090909,0.011363636363636364,0.19318181818181818,0.022727272727272728,0.5227272727272727,2.9514563106796117
MF0013,0006,surprise,0.061855670103092786,0.13402061855670103,0.05154639175257732,0.020618556701030927,0.23711340206185566,0.07216494845360824,0.422680412371134,1.6666666666666667
MF0013,0007,anger,0.12790697674418605,0.03488372093023256,0.011627906976744186,NA,0.627906976744186,0.046511627906976744,0.1511627906976744,3.011904761904762
MF0013,0007,disgust,0.35964912280701755,0.07894736842105263,0.07894736842105263,NA,0.20175438596491227,0.18421052631578946,0.09649122807017543,2.78021978021978
MF0013,0007,fear,0.10309278350515463,0.05154639175257732,0.14432989690721648,NA,0.09278350515463918,0.4948453608247423,0.1134020618556701,3.2777777777777777
MF0013,0007,happiness,NA,NA,NA,0.9885057471264368,NA,NA,0.011494252873563218,4.626373626373627
MF0013,0007,sadness,0.09090909090909091,0.03409090909090909,0.03409090909090909,NA,0.6477272727272727,0.022727272727272728,0.17045454545454544,4.398058252427185
MF0013,0007,surprise,NA,0.010309278350515464,0.1134020618556701,0.020618556701030927,NA,0.845360824742268,0.010309278350515464,5.130952380952381
MF0013,0008,anger,0.43023255813953487,0.03488372093023256,0.05813953488372093,0.011627906976744186,0.4069767441860465,0.011627906976744186,0.046511627906976744,3.9166666666666665
MF0013,0008,disgust,0.03508771929824561,0.4649122807017544,0.2543859649122807,0.008771929824561403,0.20175438596491227,0.02631578947368421,0.008771929824561403,4.824175824175824
MF0013,0008,fear,0.05154639175257732,0.09278350515463918,0.30927835051546393,NA,0.3402061855670103,0.13402061855670103,0.07216494845360824,4.022222222222222
MF0013,0008,happiness,NA,NA,NA,0.9885057471264368,0.011494252873563218,NA,NA,5.450549450549451
MF0013,0008,sadness,0.09090909090909091,0.045454545454545456,0.022727272727272728,0.011363636363636364,0.3181818181818182,0.011363636363636364,0.5,2.9223300970873787
MF0013,0008,surprise,NA,0.010309278350515464,NA,NA,NA,0.9896907216494846,NA,5.357142857142857
MF0013,0009,anger,0.46511627906976744,0.2441860465116279,0.03488372093023256,NA,0.05813953488372093,0.11627906976744186,0.08139534883720931,4.607142857142857
MF0013,0009,disgust,0.17543859649122806,0.35964912280701755,NA,0.24561403508771928,0.017543859649122806,0.14912280701754385,0.05263157894736842,4.274725274725275
MF0013,0009,fear,0.020618556701030927,0.17525773195876287,0.23711340206185566,NA,0.010309278350515464,0.5567010309278351,NA,4.766666666666667
MF0013,0009,happiness,NA,NA,NA,0.9770114942528736,NA,0.011494252873563218,0.011494252873563218,5.615384615384615
MF0013,0009,sadness,0.125,0.09090909090909091,0.17045454545454544,NA,0.23863636363636365,0.07954545454545454,0.29545454545454547,3.563106796116505
MF0013,0009,surprise,0.010309278350515464,0.010309278350515464,0.010309278350515464,0.1958762886597938,0.010309278350515464,0.7422680412371134,0.020618556701030927,4.571428571428571
MF0013,0010,anger,0.1511627906976744,0.11627906976744186,0.046511627906976744,0.011627906976744186,0.5348837209302325,0.05813953488372093,0.08139534883720931,3.3214285714285716
MF0013,0010,disgust,0.20175438596491227,0.7192982456140351,NA,0.008771929824561403,0.043859649122807015,NA,0.02631578947368421,5.362637362637362
MF0013,0010,fear,0.05154639175257732,0.15463917525773196,0.12371134020618557,0.020618556701030927,0.44329896907216493,0.12371134020618557,0.08247422680412371,3.3777777777777778
MF0013,0010,happiness,NA,NA,0.011494252873563218,0.9655172413793104,NA,0.022988505747126436,NA,5.285714285714286
MF0013,0010,sadness,0.056818181818181816,0.13636363636363635,0.03409090909090909,NA,0.6931818181818182,0.03409090909090909,0.045454545454545456,4.475728155339806
MF0013,0010,surprise,NA,NA,0.08247422680412371,0.17525773195876287,NA,0.7319587628865979,0.010309278350515464,4.964285714285714
MF0013,0011,anger,0.18604651162790697,0.11627906976744186,0.11627906976744186,0.09302325581395349,0.1511627906976744,0.06976744186046512,0.26744186046511625,3.4761904761904763
MF0013,0011,disgust,0.03508771929824561,0.22807017543859648,0.21052631578947367,0.30701754385964913,0.08771929824561403,0.09649122807017543,0.03508771929824561,3.9450549450549453
MF0013,0011,fear,0.010309278350515464,0.05154639175257732,0.422680412371134,NA,0.020618556701030927,0.4742268041237113,0.020618556701030927,5.033333333333333
MF0013,0011,happiness,NA,NA,NA,0.9885057471264368,NA,NA,0.011494252873563218,4.923076923076923
MF0013,0011,sadness,0.07954545454545454,0.06818181818181818,0.022727272727272728,NA,0.7954545454545454,NA,0.03409090909090909,5.330097087378641
MF0013,0011,surprise,0.030927835051546393,0.010309278350515464,0.1134020618556701,0.10309278350515463,0.010309278350515464,0.6494845360824743,0.08247422680412371,3.261904761904762
MF0013,0012,happiness,NA,NA,NA,1,NA,NA,NA,5.7032967032967035
MF0014,0001,anger,0.18604651162790697,0.27906976744186046,0.08139534883720931,NA,0.22093023255813954,0.13953488372093023,0.09302325581395349,3.607142857142857
MF0014,0001,disgust,0.06140350877192982,0.4298245614035088,0.2631578947368421,0.02631578947368421,0.15789473684210525,0.06140350877192982,NA,4.582417582417582
MF0014,0001,happiness,NA,NA,NA,0.9770114942528736,NA,0.022988505747126436,NA,5.362637362637362
MF0014,0001,surprise,NA,NA,0.010309278350515464,0.9690721649484536,NA,0.020618556701030927,NA,2.761904761904762
MF0014,0002,anger,0.3953488372093023,0.03488372093023256,0.023255813953488372,NA,0.4418604651162791,NA,0.10465116279069768,3.7261904761904763
MF0014,0002,disgust,0.06140350877192982,0.7807017543859649,0.03508771929824561,NA,0.11403508771929824,NA,0.008771929824561403,5.21978021978022
MF0014,0002,happiness,NA,0.011494252873563218,0.011494252873563218,0.9195402298850575,0.011494252873563218,NA,0.04597701149425287,3.67032967032967
MF0014,0002,sadness,0.056818181818181816,0.2159090909090909,0.022727272727272728,NA,0.625,0.011363636363636364,0.06818181818181818,4.912621359223301
MF0014,0002,surprise,NA,0.061855670103092786,0.12371134020618557,NA,0.020618556701030927,0.7835051546391752,0.010309278350515464,4.821428571428571
MF0014,0003,anger,0.4418604651162791,0.09302325581395349,0.023255813953488372,0.011627906976744186,0.26744186046511625,0.011627906976744186,0.1511627906976744,3.5357142857142856
MF0014,0003,happiness,NA,NA,NA,0.9885057471264368,0.011494252873563218,NA,NA,4.637362637362638
MF0014,0003,sadness,0.18181818181818182,0.045454545454545456,0.03409090909090909,0.022727272727272728,0.3522727272727273,NA,0.36363636363636365,3.3689320388349513
MF0014,0003,surprise,NA,0.020618556701030927,0.041237113402061855,0.020618556701030927,NA,0.9072164948453608,0.010309278350515464,4.130952380952381
MF0014,0004,anger,0.5813953488372093,0.09302325581395349,0.023255813953488372,NA,0.18604651162790697,0.023255813953488372,0.09302325581395349,4.071428571428571
MF0014,0004,disgust,0.5526315789473685,0.09649122807017543,0.06140350877192982,NA,0.07017543859649122,0.08771929824561403,0.13157894736842105,3.4835164835164836
MF0014,0004,happiness,0.011494252873563218,NA,0.011494252873563218,0.8735632183908046,NA,0.011494252873563218,0.09195402298850575,3.4065934065934065
MF0014,0004,sadness,0.29545454545454547,0.18181818181818182,0.022727272727272728,NA,0.32954545454545453,0.03409090909090909,0.13636363636363635,4.184466019417476
MF0014,0005,anger,0.5232558139534884,0.09302325581395349,0.023255813953488372,NA,0.19767441860465115,0.023255813953488372,0.13953488372093023,3.5
MF0014,0005,happiness,NA,NA,0.011494252873563218,0.9195402298850575,0.011494252873563218,0.022988505747126436,0.034482758620689655,3.2967032967032965
MF0014,0005,sadness,0.13636363636363635,0.06818181818181818,0.045454545454545456,NA,0.2727272727272727,0.022727272727272728,0.45454545454545453,3.145631067961165
MF0014,0005,surprise,0.020618556701030927,0.020618556701030927,0.14432989690721648,0.010309278350515464,0.030927835051546393,0.6391752577319587,0.13402061855670103,3.119047619047619
MF0014,0006,anger,0.43023255813953487,0.12790697674418605,0.03488372093023256,0.011627906976744186,0.20930232558139536,0.05813953488372093,0.12790697674418605,3.880952380952381
MF0014,0006,disgust,0.14035087719298245,0.4824561403508772,0.017543859649122806,NA,0.07894736842105263,0.21052631578947367,0.07017543859649122,3.6483516483516483
MF0014,0006,happiness,NA,0.011494252873563218,0.022988505747126436,0.8275862068965517,0.022988505747126436,0.011494252873563218,0.10344827586206896,2.901098901098901
MF0014,0006,sadness,0.14772727272727273,0.38636363636363635,0.03409090909090909,0.011363636363636364,0.17045454545454544,0.10227272727272728,0.14772727272727273,3.8058252427184467
MF0014,0006,surprise,0.10309278350515463,0.12371134020618557,0.09278350515463918,0.010309278350515464,0.16494845360824742,0.25773195876288657,0.24742268041237114,2.488095238095238
MF0014,0007,anger,0.5,0.11627906976744186,0.023255813953488372,0.023255813953488372,0.06976744186046512,0.06976744186046512,0.19767441860465115,3.4642857142857144
MF0014,0007,disgust,0.14035087719298245,0.5789473684210527,0.03508771929824561,0.017543859649122806,0.017543859649122806,0.14035087719298245,0.07017543859649122,4.461538461538462
MF0014,0007,happiness,0.05747126436781609,0.10344827586206896,0.08045977011494253,0.26436781609195403,0.12643678160919541,0.05747126436781609,0.3103448275862069,2.131868131868132
MF0014,0007,sadness,0.3068181818181818,0.022727272727272728,0.056818181818181816,0.03409090909090909,0.20454545454545456,0.022727272727272728,0.3522727272727273,3.3009708737864076
MF0014,0007,surprise,0.010309278350515464,0.010309278350515464,0.14432989690721648,NA,NA,0.8247422680412371,0.010309278350515464,4.738095238095238
MF0014,0008,anger,0.30927835051546393,0.09278350515463918,0.010309278350515464,NA,0.29896907216494845,NA,0.28865979381443296,3.2738095238095237
MF0014,0008,disgust,0.06976744186046512,0.19767441860465115,0.03488372093023256,0.023255813953488372,0.19767441860465115,0.05813953488372093,0.4186046511627907,2.4615384615384617
MF0014,0008,happiness,NA,0.010309278350515464,NA,0.9690721649484536,NA,0.010309278350515464,0.010309278350515464,3.8461538461538463
MF0014,0008,surprise,0.011363636363636364,0.022727272727272728,0.022727272727272728,0.011363636363636364,0.011363636363636364,0.8863636363636364,0.03409090909090909,4.2976190476190474
MF0014,0009,anger,0.6597938144329897,0.07216494845360824,0.010309278350515464,0.010309278350515464,0.15463917525773196,0.020618556701030927,0.07216494845360824,4.035714285714286
MF0014,0009,disgust,0.19767441860465115,0.1744186046511628,0.06976744186046512,NA,0.38372093023255816,0.09302325581395349,0.08139534883720931,2.912087912087912
MF0014,0009,happiness,NA,0.010309278350515464,0.030927835051546393,0.7319587628865979,0.010309278350515464,0.020618556701030927,0.1958762886597938,2.4945054945054945
MF0014,0009,sadness,0.11494252873563218,0.034482758620689655,0.05747126436781609,0.022988505747126436,0.7011494252873564,0.022988505747126436,0.04597701149425287,4.165048543689321
MF0014,0009,surprise,NA,0.011363636363636364,0.22727272727272727,NA,0.022727272727272728,0.6704545454545454,0.06818181818181818,3.4761904761904763
MF0014,0010,anger,0.2268041237113402,0.12371134020618557,0.041237113402061855,NA,0.1958762886597938,0.25773195876288657,0.15463917525773196,3.4047619047619047
MF0014,0010,happiness,0.010309278350515464,NA,0.030927835051546393,0.8762886597938144,0.010309278350515464,0.010309278350515464,0.061855670103092786,3.5604395604395602
MF0014,0010,sadness,0.06896551724137931,0.09195402298850575,0.022988505747126436,0.011494252873563218,0.6551724137931034,0.05747126436781609,0.09195402298850575,4.621359223300971
MF0015,0001,anger,0.5360824742268041,0.09278350515463918,0.010309278350515464,NA,0.24742268041237114,0.020618556701030927,0.09278350515463918,4.7976190476190474
MF0015,0001,disgust,0.47674418604651164,0.4883720930232558,NA,0.011627906976744186,0.011627906976744186,NA,0.011627906976744186,5.483516483516484
MF0015,0001,fear,0.5789473684210527,0.12280701754385964,0.017543859649122806,NA,0.22807017543859648,NA,0.05263157894736842,2.6
MF0015,0001,happiness,0.010309278350515464,0.010309278350515464,NA,0.9072164948453608,NA,0.030927835051546393,0.041237113402061855,4.076923076923077
MF0015,0001,sadness,0.3563218390804598,0.034482758620689655,0.011494252873563218,0.011494252873563218,0.47126436781609193,0.011494252873563218,0.10344827586206896,4.58252427184466
MF0015,0001,surprise,0.2840909090909091,0.03409090909090909,0.03409090909090909,0.011363636363636364,0.4090909090909091,0.022727272727272728,0.20454545454545456,1.7142857142857142
MF0015,0002,anger,0.4329896907216495,0.041237113402061855,0.09278350515463918,NA,0.24742268041237114,0.020618556701030927,0.16494845360824742,3.4285714285714284
MF0015,0002,disgust,0.011627906976744186,0.05813953488372093,0.1744186046511628,NA,0.26744186046511625,0.32558139534883723,0.16279069767441862,2.1868131868131866
MF0015,0002,fear,0.017543859649122806,0.043859649122807015,0.2543859649122807,0.017543859649122806,0.07017543859649122,0.5263157894736842,0.07017543859649122,4.088888888888889
MF0015,0002,happiness,0.020618556701030927,0.020618556701030927,0.020618556701030927,0.7216494845360825,0.041237113402061855,0.05154639175257732,0.12371134020618557,2.5714285714285716
MF0015,0002,sadness,0.06896551724137931,0.011494252873563218,0.06896551724137931,NA,0.7816091954022989,0.022988505747126436,0.04597701149425287,4.233009708737864
MF0015,0002,surprise,0.011363636363636364,0.03409090909090909,0.045454545454545456,NA,NA,0.8977272727272727,0.011363636363636364,4.833333333333333
MF0015,0003,anger,0.1958762886597938,0.030927835051546393,0.08247422680412371,NA,0.36082474226804123,0.010309278350515464,0.31958762886597936,2.9285714285714284
MF0015,0003,disgust,0.1744186046511628,0.03488372093023256,0.011627906976744186,NA,0.3953488372093023,0.023255813953488372,0.36046511627906974,1.989010989010989
MF0015,0003,fear,0.11403508771929824,0.02631578947368421,0.043859649122807015,0.017543859649122806,0.3333333333333333,0.008771929824561403,0.45614035087719296,2.1555555555555554
MF0015,0003,happiness,0.020618556701030927,0.061855670103092786,0.010309278350515464,0.020618556701030927,0.2268041237113402,0.030927835051546393,0.6288659793814433,1.6923076923076923
MF0015,0003,sadness,0.1839080459770115,0.06896551724137931,0.011494252873563218,0.011494252873563218,0.4482758620689655,NA,0.27586206896551724,3.5242718446601944
MF0015,0003,surprise,0.10227272727272728,NA,0.045454545454545456,0.011363636363636364,0.23863636363636365,0.03409090909090909,0.5681818181818182,1.5238095238095237
MF0015,0004,anger,0.13402061855670103,0.05154639175257732,0.020618556701030927,0.12371134020618557,0.25773195876288657,0.010309278350515464,0.4020618556701031,2.642857142857143
MF0015,0004,disgust,0.03488372093023256,0.10465116279069768,0.023255813953488372,0.313953488372093,0.12790697674418605,0.03488372093023256,0.36046511627906974,2.3076923076923075
MF0015,0004,fear,0.043859649122807015,0.017543859649122806,0.03508771929824561,0.12280701754385964,0.07894736842105263,0.4473684210526316,0.2543859649122807,2.3666666666666667
MF0015,0004,happiness,0.030927835051546393,0.061855670103092786,NA,0.711340206185567,0.041237113402061855,0.010309278350515464,0.14432989690721648,2.318681318681319
MF0015,0004,sadness,0.13793103448275862,0.05747126436781609,0.034482758620689655,0.034482758620689655,0.3563218390804598,0.011494252873563218,0.367816091954023,2.7572815533980584
MF0015,0004,surprise,0.056818181818181816,0.03409090909090909,0.056818181818181816,0.011363636363636364,0.06818181818181818,0.3181818181818182,0.45454545454545453,2
MF0015,0005,anger,0.3402061855670103,0.061855670103092786,NA,NA,0.28865979381443296,0.010309278350515464,0.29896907216494845,3.3214285714285716
MF0015,0005,disgust,0.38372093023255816,0.23255813953488372,0.023255813953488372,NA,0.13953488372093023,0.09302325581395349,0.12790697674418605,3.6923076923076925
MF0015,0005,fear,0.39473684210526316,0.14912280701754385,0.06140350877192982,0.008771929824561403,0.21929824561403508,0.03508771929824561,0.13157894736842105,2.511111111111111
MF0015,0005,happiness,0.061855670103092786,0.09278350515463918,0.030927835051546393,0.10309278350515463,0.16494845360824742,0.020618556701030927,0.5257731958762887,1.6703296703296704
MF0015,0005,sadness,0.20689655172413793,0.022988505747126436,NA,0.022988505747126436,0.5402298850574713,0.011494252873563218,0.19540229885057472,3.7184466019417477
MF0015,0005,surprise,0.07954545454545454,0.03409090909090909,0.06818181818181818,0.022727272727272728,0.22727272727272727,0.045454545454545456,0.5227272727272727,1.7023809523809523
MF0015,0006,anger,0.061855670103092786,0.23711340206185566,0.020618556701030927,0.3917525773195876,0.14432989690721648,0.030927835051546393,0.1134020618556701,2.4642857142857144
MF0015,0006,disgust,0.03488372093023256,0.45348837209302323,0.023255813953488372,0.3372093023255814,0.06976744186046512,0.023255813953488372,0.05813953488372093,3.791208791208791
MF0015,0006,fear,0.02631578947368421,0.043859649122807015,0.02631578947368421,0.5350877192982456,0.07017543859649122,0.008771929824561403,0.2894736842105263,2
MF0015,0006,happiness,0.010309278350515464,0.010309278350515464,NA,0.9690721649484536,NA,NA,0.010309278350515464,3.758241758241758
MF0015,0006,sadness,0.06896551724137931,0.04597701149425287,NA,0.4367816091954023,0.1724137931034483,0.011494252873563218,0.26436781609195403,2.8737864077669903
MF0015,0006,surprise,NA,NA,NA,0.9772727272727273,NA,0.011363636363636364,0.011363636363636364,2.119047619047619
MF0015,0007,anger,0.5567010309278351,0.18556701030927836,0.020618556701030927,NA,0.16494845360824742,0.041237113402061855,0.030927835051546393,4.392857142857143
MF0015,0007,disgust,0.1744186046511628,0.4883720930232558,0.046511627906976744,NA,0.12790697674418605,0.08139534883720931,0.08139534883720931,3.78021978021978
MF0015,0007,fear,0.05263157894736842,0.11403508771929824,0.07017543859649122,0.03508771929824561,0.39473684210526316,0.043859649122807015,0.2894736842105263,2.6666666666666665
MF0015,0007,happiness,0.010309278350515464,NA,NA,0.979381443298969,NA,NA,0.010309278350515464,4.252747252747253
MF0015,0007,sadness,0.13793103448275862,0.12643678160919541,0.04597701149425287,0.034482758620689655,0.5977011494252874,0.011494252873563218,0.04597701149425287,4.155339805825243
MF0015,0007,surprise,0.07954545454545454,0.022727272727272728,0.03409090909090909,0.03409090909090909,0.20454545454545456,0.09090909090909091,0.5340909090909091,1.5833333333333333
MF0015,0008,anger,0.20618556701030927,0.041237113402061855,0.030927835051546393,NA,0.31958762886597936,0.010309278350515464,0.3917525773195876,2.7738095238095237
MF0015,0008,disgust,0.16279069767441862,0.08139534883720931,0.06976744186046512,0.023255813953488372,0.313953488372093,0.023255813953488372,0.32558139534883723,1.978021978021978
MF0015,0008,fear,0.05263157894736842,0.02631578947368421,0.23684210526315788,0.02631578947368421,0.09649122807017543,0.2719298245614035,0.2894736842105263,3.066666666666667
MF0015,0008,happiness,NA,NA,NA,0.9896907216494846,NA,0.010309278350515464,NA,5.3076923076923075
MF0015,0008,sadness,0.26436781609195403,0.04597701149425287,0.04597701149425287,NA,0.3793103448275862,0.011494252873563218,0.25287356321839083,3.058252427184466
MF0015,0008,surprise,NA,0.011363636363636364,0.011363636363636364,0.1590909090909091,0.011363636363636364,0.75,0.056818181818181816,3.607142857142857
MF0015,0009,anger,0.09278350515463918,0.020618556701030927,0.24742268041237114,NA,0.422680412371134,0.020618556701030927,0.1958762886597938,2.488095238095238
MF0015,0009,disgust,0.05813953488372093,0.046511627906976744,0.26744186046511625,NA,0.45348837209302323,0.03488372093023256,0.13953488372093023,2.5054945054945055
MF0015,0009,fear,0.017543859649122806,0.03508771929824561,0.08771929824561403,0.043859649122807015,0.21052631578947367,0.07017543859649122,0.5350877192982456,2.4555555555555557
MF0015,0009,happiness,0.010309278350515464,0.020618556701030927,0.010309278350515464,0.8556701030927835,NA,0.020618556701030927,0.08247422680412371,2.879120879120879
MF0015,0009,sadness,0.05747126436781609,0.022988505747126436,0.08045977011494253,0.011494252873563218,0.6436781609195402,0.022988505747126436,0.16091954022988506,3.6116504854368934
MF0015,0009,surprise,NA,NA,0.03409090909090909,0.29545454545454547,0.06818181818181818,0.11363636363636363,0.48863636363636365,1.6547619047619047
MF0015,0010,anger,0.07216494845360824,0.041237113402061855,0.05154639175257732,0.010309278350515464,0.5567010309278351,NA,0.26804123711340205,2.4761904761904763
MF0015,0010,disgust,NA,0.011627906976744186,0.046511627906976744,0.6046511627906976,0.16279069767441862,NA,0.1744186046511628,1.901098901098901
MF0015,0010,fear,NA,0.017543859649122806,0.02631578947368421,0.4473684210526316,0.18421052631578946,0.008771929824561403,0.3157894736842105,2.2222222222222223
MF0015,0010,happiness,0.010309278350515464,NA,NA,0.9690721649484536,0.020618556701030927,NA,NA,3.5494505494505493
MF0015,0010,sadness,0.05747126436781609,0.011494252873563218,0.08045977011494253,NA,0.7586206896551724,NA,0.09195402298850575,4.009708737864078
MF0015,0010,surprise,0.011363636363636364,0.011363636363636364,0.17045454545454544,0.03409090909090909,0.045454545454545456,0.5568181818181818,0.17045454545454544,2.857142857142857
MF0015,0011,anger,0.18556701030927836,0.010309278350515464,0.05154639175257732,NA,0.38144329896907214,0.05154639175257732,0.31958762886597936,2.6666666666666665
MF0015,0011,disgust,0.05813953488372093,0.3488372093023256,0.09302325581395349,0.011627906976744186,0.06976744186046512,0.08139534883720931,0.3372093023255814,2.868131868131868
MF0015,0011,fear,0.03508771929824561,0.03508771929824561,0.07894736842105263,NA,0.05263157894736842,0.7192982456140351,0.07894736842105263,3.5444444444444443
MF0015,0011,happiness,0.010309278350515464,0.010309278350515464,NA,0.9278350515463918,0.010309278350515464,0.010309278350515464,0.030927835051546393,4.516483516483516
MF0015,0011,sadness,0.13793103448275862,0.022988505747126436,0.08045977011494253,NA,0.4367816091954023,NA,0.3218390804597701,3.6116504854368934
MF0015,0011,surprise,0.011363636363636364,0.045454545454545456,0.2159090909090909,NA,0.022727272727272728,0.625,0.07954545454545454,4.083333333333333
MF0015,0012,anger,0.27835051546391754,0.09278350515463918,0.041237113402061855,0.010309278350515464,0.3917525773195876,0.020618556701030927,0.16494845360824742,3.4166666666666665
MF0015,0012,disgust,0.20930232558139536,0.1744186046511628,0.05813953488372093,NA,0.32558139534883723,0.06976744186046512,0.16279069767441862,3.1648351648351647
MF0015,0012,fear,0.09649122807017543,0.10526315789473684,0.043859649122807015,0.017543859649122806,0.23684210526315788,0.07017543859649122,0.4298245614035088,2.6333333333333333
MF0015,0012,happiness,0.010309278350515464,0.030927835051546393,0.010309278350515464,0.8865979381443299,NA,0.010309278350515464,0.05154639175257732,3.3626373626373627
MF0015,0012,sadness,0.14942528735632185,0.14942528735632185,0.022988505747126436,NA,0.47126436781609193,0.022988505747126436,0.1839080459770115,3.8349514563106797
MF0015,0012,surprise,0.09090909090909091,0.07954545454545454,0.056818181818181816,0.011363636363636364,0.29545454545454547,0.22727272727272727,0.23863636363636365,2.3095238095238093
MF0015,0013,anger,0.25773195876288657,0.30927835051546393,0.061855670103092786,NA,0.10309278350515463,0.1958762886597938,0.07216494845360824,4
MF0015,0013,disgust,0.05813953488372093,0.6162790697674418,0.06976744186046512,0.023255813953488372,0.12790697674418605,0.03488372093023256,0.06976744186046512,4.395604395604396
MF0015,0013,fear,0.017543859649122806,0.05263157894736842,0.07017543859649122,0.02631578947368421,0.008771929824561403,0.7017543859649122,0.12280701754385964,3.3777777777777778
MF0015,0013,happiness,NA,0.020618556701030927,NA,0.8969072164948454,0.020618556701030927,0.010309278350515464,0.05154639175257732,3.098901098901099
MF0015,0013,sadness,0.16091954022988506,0.16091954022988506,0.09195402298850575,0.011494252873563218,0.3793103448275862,0.022988505747126436,0.1724137931034483,3.533980582524272
MF0015,0013,surprise,0.011363636363636364,NA,NA,0.022727272727272728,0.011363636363636364,0.9431818181818182,0.011363636363636364,4.476190476190476
MF0016,0001,anger,0.07216494845360824,0.020618556701030927,0.05154639175257732,0.030927835051546393,0.17525773195876287,0.020618556701030927,0.6288659793814433,2.2976190476190474
MF0016,0001,disgust,0.023255813953488372,0.27906976744186046,0.1511627906976744,0.08139534883720931,0.11627906976744186,0.29069767441860467,0.05813953488372093,3.5934065934065935
MF0016,0001,fear,0.008771929824561403,0.05263157894736842,0.45614035087719296,0.05263157894736842,0.05263157894736842,0.34210526315789475,0.03508771929824561,4.777777777777778
MF0016,0001,happiness,0.020618556701030927,0.010309278350515464,NA,0.8556701030927835,0.010309278350515464,0.020618556701030927,0.08247422680412371,3.021978021978022
MF0016,0001,sadness,0.04597701149425287,0.034482758620689655,0.06896551724137931,0.04597701149425287,0.25287356321839083,0.034482758620689655,0.5172413793103449,2.7184466019417477
MF0016,0001,surprise,0.011363636363636364,NA,0.045454545454545456,0.022727272727272728,0.022727272727272728,0.8863636363636364,0.011363636363636364,4.4523809523809526
MF0016,0002,anger,0.13402061855670103,0.07216494845360824,0.05154639175257732,0.020618556701030927,0.29896907216494845,0.010309278350515464,0.41237113402061853,2.5833333333333335
MF0016,0002,disgust,0.11627906976744186,0.4069767441860465,0.05813953488372093,0.011627906976744186,0.26744186046511625,0.023255813953488372,0.11627906976744186,3.3076923076923075
MF0016,0002,fear,0.11403508771929824,0.05263157894736842,0.2807017543859649,0.06140350877192982,0.17543859649122806,0.05263157894736842,0.2631578947368421,3.188888888888889
MF0016,0002,happiness,NA,NA,0.010309278350515464,0.9690721649484536,NA,NA,0.020618556701030927,4.2967032967032965
MF0016,0002,sadness,0.25287356321839083,0.04597701149425287,0.034482758620689655,NA,0.5747126436781609,0.011494252873563218,0.08045977011494253,3.9514563106796117
MF0016,0002,surprise,0.10227272727272728,0.20454545454545456,0.06818181818181818,0.07954545454545454,0.10227272727272728,0.09090909090909091,0.3522727272727273,2.0476190476190474
MF0016,0003,anger,0.1958762886597938,0.061855670103092786,0.05154639175257732,0.010309278350515464,0.3711340206185567,0.020618556701030927,0.28865979381443296,3.0357142857142856
MF0016,0003,disgust,0.03488372093023256,0.05813953488372093,0.08139534883720931,0.16279069767441862,0.16279069767441862,0.09302325581395349,0.4069767441860465,2.241758241758242
MF0016,0003,fear,0.017543859649122806,0.11403508771929824,NA,0.45614035087719296,0.05263157894736842,0.10526315789473684,0.2543859649122807,2
MF0016,0003,happiness,NA,0.010309278350515464,NA,0.8041237113402062,0.061855670103092786,0.030927835051546393,0.09278350515463918,2.6923076923076925
MF0016,0003,sadness,0.10344827586206896,0.1724137931034483,NA,0.011494252873563218,0.3333333333333333,0.034482758620689655,0.3448275862068966,3.1262135922330097
MF0016,0003,surprise,0.03409090909090909,0.045454545454545456,0.06818181818181818,0.03409090909090909,0.10227272727272728,0.29545454545454547,0.42045454545454547,2.2142857142857144
MF0016,0004,anger,0.6494845360824743,0.041237113402061855,0.020618556701030927,NA,0.15463917525773196,0.05154639175257732,0.08247422680412371,4.119047619047619
MF0016,0004,disgust,0.06976744186046512,0.38372093023255816,0.10465116279069768,0.011627906976744186,0.22093023255813954,0.06976744186046512,0.13953488372093023,3.4065934065934065
MF0016,0004,fear,0.11403508771929824,0.14035087719298245,0.15789473684210525,NA,0.3157894736842105,0.07017543859649122,0.20175438596491227,3.3
MF0016,0004,happiness,0.030927835051546393,0.010309278350515464,0.010309278350515464,0.6082474226804123,0.07216494845360824,0.041237113402061855,0.2268041237113402,2.4175824175824174
MF0016,0004,sadness,0.20689655172413793,0.04597701149425287,0.05747126436781609,0.011494252873563218,0.4367816091954023,0.011494252873563218,0.22988505747126436,3.7766990291262137
MF0016,0004,surprise,0.022727272727272728,NA,0.10227272727272728,0.2159090909090909,0.11363636363636363,0.1590909090909091,0.38636363636363635,2.1785714285714284
MF0016,0005,anger,0.14432989690721648,0.041237113402061855,0.05154639175257732,0.010309278350515464,0.4742268041237113,NA,0.27835051546391754,2.857142857142857
MF0016,0005,disgust,0.08139534883720931,0.2558139534883721,0.023255813953488372,0.08139534883720931,0.29069767441860467,0.06976744186046512,0.19767441860465115,2.7142857142857144
MF0016,0005,fear,0.06140350877192982,0.03508771929824561,0.06140350877192982,0.017543859649122806,0.5175438596491229,NA,0.30701754385964913,2.6
MF0016,0005,happiness,0.020618556701030927,0.010309278350515464,0.020618556701030927,0.9072164948453608,0.010309278350515464,0.020618556701030927,0.010309278350515464,3.1648351648351647
MF0016,0005,sadness,0.06896551724137931,0.04597701149425287,0.09195402298850575,0.011494252873563218,0.5057471264367817,0.011494252873563218,0.26436781609195403,3.6019417475728157
MF0016,0005,surprise,0.03409090909090909,0.011363636363636364,0.03409090909090909,0.045454545454545456,0.3522727272727273,0.022727272727272728,0.5,1.75
MF0016,0006,anger,0.21649484536082475,0.030927835051546393,0.041237113402061855,0.061855670103092786,0.17525773195876287,0.020618556701030927,0.4536082474226804,2.5238095238095237
MF0016,0006,disgust,0.03488372093023256,0.38372093023255816,0.11627906976744186,0.313953488372093,0.023255813953488372,0.023255813953488372,0.10465116279069768,3.021978021978022
MF0016,0006,fear,0.017543859649122806,0.06140350877192982,0.21929824561403508,0.17543859649122806,0.05263157894736842,0.18421052631578946,0.2894736842105263,2.7888888888888888
MF0016,0006,happiness,0.020618556701030927,NA,NA,0.9175257731958762,0.010309278350515464,0.010309278350515464,0.041237113402061855,3.6043956043956045
MF0016,0006,sadness,0.04597701149425287,0.05747126436781609,0.12643678160919541,NA,0.5747126436781609,0.034482758620689655,0.16091954022988506,3.8446601941747574
MF0016,0006,surprise,0.022727272727272728,NA,0.03409090909090909,0.056818181818181816,NA,0.875,0.011363636363636364,4.630952380952381
MF0016,0007,anger,0.17525773195876287,0.1134020618556701,0.061855670103092786,0.020618556701030927,0.2268041237113402,0.010309278350515464,0.3917525773195876,2.6785714285714284
MF0016,0007,disgust,0.06976744186046512,0.09302325581395349,0.09302325581395349,NA,0.36046511627906974,0.05813953488372093,0.32558139534883723,2.3516483516483517
MF0016,0007,fear,0.09649122807017543,0.07894736842105263,0.12280701754385964,0.008771929824561403,0.3157894736842105,0.017543859649122806,0.35964912280701755,2.5444444444444443
MF0016,0007,happiness,0.041237113402061855,0.07216494845360824,0.020618556701030927,0.26804123711340205,0.14432989690721648,0.08247422680412371,0.3711340206185567,2.3076923076923075
MF0016,0007,sadness,0.06896551724137931,0.022988505747126436,0.12643678160919541,NA,0.4367816091954023,0.05747126436781609,0.28735632183908044,3.2427184466019416
MF0016,0007,surprise,0.011363636363636364,0.045454545454545456,0.14772727272727273,0.011363636363636364,0.011363636363636364,0.6931818181818182,0.07954545454545454,3.392857142857143
MF0016,0008,anger,0.6082474226804123,0.020618556701030927,0.08247422680412371,0.020618556701030927,0.07216494845360824,0.08247422680412371,0.1134020618556701,4.0476190476190474
MF0016,0008,disgust,0.18604651162790697,0.3023255813953488,0.16279069767441862,0.011627906976744186,0.11627906976744186,0.10465116279069768,0.11627906976744186,3.3626373626373627
MF0016,0008,fear,0.03508771929824561,0.03508771929824561,0.3157894736842105,NA,0.07017543859649122,0.4649122807017544,0.07894736842105263,4.211111111111111
MF0016,0008,happiness,0.05154639175257732,0.09278350515463918,0.061855670103092786,0.30927835051546393,0.07216494845360824,0.05154639175257732,0.36082474226804123,2.318681318681319
MF0016,0008,sadness,0.14942528735632185,0.05747126436781609,0.04597701149425287,0.022988505747126436,0.5057471264367817,0.011494252873563218,0.20689655172413793,3.466019417475728
MF0016,0008,surprise,0.011363636363636364,0.011363636363636364,0.11363636363636363,0.03409090909090909,0.011363636363636364,0.7954545454545454,0.022727272727272728,4.833333333333333
MF0016,0009,anger,0.7422680412371134,0.010309278350515464,0.030927835051546393,NA,0.10309278350515463,0.061855670103092786,0.05154639175257732,4.214285714285714
MF0016,0009,disgust,0.16279069767441862,0.6046511627906976,0.023255813953488372,NA,0.16279069767441862,0.023255813953488372,0.023255813953488372,3.681318681318681
MF0016,0009,fear,0.043859649122807015,NA,0.21052631578947367,0.02631578947368421,0.2543859649122807,0.15789473684210525,0.30701754385964913,3.0555555555555554
MF0016,0009,happiness,0.030927835051546393,0.020618556701030927,0.030927835051546393,0.5773195876288659,0.041237113402061855,0.030927835051546393,0.26804123711340205,2.5494505494505493
MF0016,0009,sadness,0.367816091954023,0.034482758620689655,0.06896551724137931,NA,0.3563218390804598,0.034482758620689655,0.13793103448275862,4.29126213592233
MF0016,0009,surprise,0.09090909090909091,0.011363636363636364,0.17045454545454544,NA,0.1590909090909091,0.29545454545454547,0.2727272727272727,2.5952380952380953
MF0016,0010,anger,0.041237113402061855,0.30927835051546393,0.09278350515463918,0.010309278350515464,0.27835051546391754,0.041237113402061855,0.2268041237113402,2.857142857142857
MF0016,0010,disgust,0.023255813953488372,0.7093023255813954,0.046511627906976744,0.05813953488372093,0.10465116279069768,0.03488372093023256,0.023255813953488372,4.065934065934066
MF0016,0010,fear,0.017543859649122806,0.30701754385964913,0.12280701754385964,0.2543859649122807,0.12280701754385964,0.07894736842105263,0.09649122807017543,3.488888888888889
MF0016,0010,happiness,0.010309278350515464,0.010309278350515464,NA,0.9690721649484536,NA,NA,0.010309278350515464,3.6923076923076925
MF0016,0010,sadness,0.09195402298850575,0.16091954022988506,0.022988505747126436,NA,0.5517241379310345,0.04597701149425287,0.12643678160919541,3.6310679611650487
MF0016,0010,surprise,0.011363636363636364,0.06818181818181818,0.056818181818181816,0.03409090909090909,0.045454545454545456,0.5113636363636364,0.2727272727272727,2.857142857142857
MF0017,0004,anger,0.13402061855670103,0.1134020618556701,0.08247422680412371,NA,0.26804123711340205,0.09278350515463918,0.30927835051546393,2.9404761904761907
MF0017,0004,disgust,0.03488372093023256,0.3953488372093023,0.05813953488372093,0.011627906976744186,0.12790697674418605,0.3023255813953488,0.06976744186046512,3.208791208791209
MF0017,0004,fear,0.02631578947368421,NA,0.05263157894736842,0.12280701754385964,0.11403508771929824,0.2894736842105263,0.39473684210526316,2.522222222222222
MF0017,0004,happiness,NA,0.041237113402061855,0.010309278350515464,0.5979381443298969,0.10309278350515463,0.041237113402061855,0.20618556701030927,2.3736263736263736
MF0017,0004,sadness,0.08045977011494253,0.05747126436781609,0.022988505747126436,0.08045977011494253,0.3103448275862069,0.011494252873563218,0.4367816091954023,3.2718446601941746
MF0017,0004,surprise,NA,0.045454545454545456,0.045454545454545456,0.36363636363636365,0.045454545454545456,0.36363636363636365,0.13636363636363635,2.488095238095238
MF0017,0005,anger,0.030927835051546393,0.061855670103092786,0.18556701030927836,0.020618556701030927,0.41237113402061853,0.08247422680412371,0.20618556701030927,2.5833333333333335
MF0017,0005,disgust,0.046511627906976744,0.2441860465116279,0.11627906976744186,0.09302325581395349,0.3023255813953488,0.08139534883720931,0.11627906976744186,2.901098901098901
MF0017,0005,fear,0.008771929824561403,0.008771929824561403,0.15789473684210525,0.05263157894736842,0.45614035087719296,0.07017543859649122,0.24561403508771928,3.4555555555555557
MF0017,0005,happiness,NA,0.020618556701030927,0.010309278350515464,0.9381443298969072,NA,NA,0.030927835051546393,3.89010989010989
MF0017,0005,sadness,0.04597701149425287,0.011494252873563218,0.11494252873563218,0.06896551724137931,0.40229885057471265,0.06896551724137931,0.28735632183908044,3.058252427184466
MF0017,0005,surprise,0.011363636363636364,0.011363636363636364,0.07954545454545454,0.03409090909090909,0.06818181818181818,0.75,0.045454545454545456,3.6547619047619047
MF0017,0006,anger,0.1134020618556701,0.4845360824742268,0.05154639175257732,0.10309278350515463,NA,0.1958762886597938,0.05154639175257732,3.5
MF0017,0006,disgust,0.046511627906976744,0.872093023255814,NA,NA,0.023255813953488372,0.046511627906976744,0.011627906976744186,4.835164835164835
MF0017,0006,fear,0.03508771929824561,0.03508771929824561,0.017543859649122806,0.02631578947368421,0.008771929824561403,0.8508771929824561,0.02631578947368421,3.888888888888889
MF0017,0006,happiness,NA,NA,NA,0.9896907216494846,0.010309278350515464,NA,NA,5.483516483516484
MF0017,0006,sadness,0.10344827586206896,0.4942528735632184,0.08045977011494253,0.10344827586206896,0.12643678160919541,0.022988505747126436,0.06896551724137931,3.9514563106796117
MF0017,0006,surprise,NA,NA,0.011363636363636364,0.36363636363636365,NA,0.625,NA,5.0476190476190474
MF0017,0008,anger,0.3711340206185567,0.25773195876288657,0.020618556701030927,NA,0.05154639175257732,0.24742268041237114,0.05154639175257732,4.416666666666667
MF0017,0008,disgust,0.08139534883720931,0.36046511627906974,0.16279069767441862,NA,0.1744186046511628,0.18604651162790697,0.03488372093023256,3.5604395604395602
MF0017,0008,fear,0.02631578947368421,0.09649122807017543,0.12280701754385964,0.06140350877192982,0.05263157894736842,0.4473684210526316,0.19298245614035087,3.1
MF0017,0008,happiness,0.010309278350515464,0.07216494845360824,0.030927835051546393,0.7938144329896907,0.010309278350515464,0.030927835051546393,0.05154639175257732,3.4175824175824174
MF0017,0008,sadness,0.034482758620689655,0.034482758620689655,0.08045977011494253,NA,0.735632183908046,NA,0.11494252873563218,4.174757281553398
MF0017,0008,surprise,0.03409090909090909,0.022727272727272728,0.25,NA,0.022727272727272728,0.6136363636363636,0.056818181818181816,3.9404761904761907
MF0017,0009,anger,0.44329896907216493,0.3402061855670103,0.010309278350515464,NA,0.09278350515463918,0.030927835051546393,0.08247422680412371,4.035714285714286
MF0017,0009,disgust,0.2558139534883721,0.6976744186046512,NA,NA,0.03488372093023256,NA,0.011627906976744186,4.725274725274725
MF0017,0009,fear,0.05263157894736842,0.11403508771929824,0.07017543859649122,0.017543859649122806,0.18421052631578946,0.3684210526315789,0.19298245614035087,2.9
MF0017,0009,happiness,0.010309278350515464,NA,NA,0.979381443298969,NA,NA,0.010309278350515464,4.164835164835165
MF0018,0001,anger,0.3402061855670103,0.5463917525773195,0.010309278350515464,NA,0.010309278350515464,0.07216494845360824,0.020618556701030927,4.666666666666667
MF0018,0001,disgust,0.08139534883720931,0.8255813953488372,NA,NA,0.023255813953488372,0.05813953488372093,0.011627906976744186,5.791208791208791
MF0018,0001,fear,0.017543859649122806,0.008771929824561403,0.2719298245614035,NA,NA,0.6842105263157895,0.017543859649122806,4.888888888888889
MF0018,0001,happiness,NA,NA,0.010309278350515464,0.9896907216494846,NA,NA,NA,5.329670329670329
MF0018,0001,sadness,0.19540229885057472,0.034482758620689655,0.011494252873563218,NA,0.5287356321839081,0.022988505747126436,0.20689655172413793,3.8737864077669903
MF0018,0001,surprise,0.011363636363636364,NA,NA,0.2727272727272727,0.022727272727272728,0.6931818181818182,NA,5.5476190476190474
MF0018,0002,anger,0.4020618556701031,0.14432989690721648,0.041237113402061855,0.010309278350515464,0.28865979381443296,0.09278350515463918,0.020618556701030927,3.988095238095238
MF0018,0002,disgust,0.03488372093023256,0.5,0.03488372093023256,0.023255813953488372,0.313953488372093,0.03488372093023256,0.05813953488372093,3.7252747252747254
MF0018,0002,fear,NA,0.017543859649122806,0.08771929824561403,0.03508771929824561,0.008771929824561403,0.8421052631578947,0.008771929824561403,4.411111111111111
MF0018,0002,happiness,0.010309278350515464,NA,NA,0.979381443298969,NA,0.010309278350515464,NA,5.461538461538462
MF0018,0002,sadness,0.011494252873563218,0.11494252873563218,0.05747126436781609,0.022988505747126436,0.7241379310344828,0.034482758620689655,0.034482758620689655,4.815533980582524
MF0018,0002,surprise,NA,NA,NA,0.045454545454545456,0.022727272727272728,0.9204545454545454,0.011363636363636364,5.595238095238095
MF0018,0003,anger,0.5876288659793815,0.13402061855670103,0.010309278350515464,0.020618556701030927,0.10309278350515463,0.07216494845360824,0.07216494845360824,4
MF0018,0003,disgust,0.1511627906976744,0.5,0.03488372093023256,NA,0.05813953488372093,0.20930232558139536,0.046511627906976744,3.791208791208791
MF0018,0003,fear,NA,NA,0.08771929824561403,0.017543859649122806,0.008771929824561403,0.8596491228070176,0.02631578947368421,4.711111111111111
MF0018,0003,happiness,NA,NA,NA,1,NA,NA,NA,5.626373626373627
MF0018,0003,sadness,0.08045977011494253,0.3333333333333333,0.011494252873563218,0.011494252873563218,0.5172413793103449,0.034482758620689655,0.011494252873563218,4.359223300970874
MF0018,0003,surprise,NA,NA,0.011363636363636364,0.17045454545454544,0.011363636363636364,0.7840909090909091,0.022727272727272728,4.392857142857143
MF0018,0004,anger,0.8409090909090909,0.03409090909090909,0.011363636363636364,NA,0.07954545454545454,0.022727272727272728,0.011363636363636364,4.642857142857143
MF0018,0004,disgust,0.08247422680412371,0.8762886597938144,NA,NA,0.010309278350515464,0.030927835051546393,NA,5.065934065934066
MF0018,0004,fear,0.023255813953488372,NA,0.32558139534883723,NA,0.011627906976744186,0.6395348837209303,NA,5.133333333333334
MF0018,0004,happiness,NA,NA,NA,1,NA,NA,NA,5.637362637362638
MF0018,0004,sadness,0.07216494845360824,0.14432989690721648,0.010309278350515464,NA,0.7422680412371134,0.010309278350515464,0.020618556701030927,5.436893203883495
MF0018,0004,surprise,NA,0.011494252873563218,0.05747126436781609,0.04597701149425287,NA,0.8850574712643678,NA,4.845238095238095
MF0018,0005,anger,0.17045454545454544,0.23863636363636365,0.045454545454545456,0.056818181818181816,0.09090909090909091,0.22727272727272727,0.17045454545454544,3.3452380952380953
MF0018,0005,disgust,0.05154639175257732,0.27835051546391754,0.09278350515463918,0.1134020618556701,0.15463917525773196,0.16494845360824742,0.14432989690721648,3.78021978021978
MF0018,0005,fear,0.011627906976744186,0.023255813953488372,0.12790697674418605,0.046511627906976744,0.10465116279069768,0.3953488372093023,0.29069767441860467,3.033333333333333
MF0018,0005,happiness,0.008771929824561403,0.008771929824561403,NA,0.956140350877193,0.008771929824561403,0.008771929824561403,0.008771929824561403,4.637362637362638
MF0018,0005,sadness,0.13402061855670103,0.07216494845360824,0.020618556701030927,0.24742268041237114,0.16494845360824742,0.041237113402061855,0.31958762886597936,2.737864077669903
MF0018,0005,surprise,NA,NA,0.04597701149425287,0.45977011494252873,0.011494252873563218,0.39080459770114945,0.09195402298850575,3.8452380952380953
MF0018,0006,anger,0.5795454545454546,0.11363636363636363,NA,0.011363636363636364,0.13636363636363635,0.022727272727272728,0.13636363636363635,3.9642857142857144
MF0018,0006,disgust,0.12371134020618557,0.6597938144329897,0.010309278350515464,0.010309278350515464,0.12371134020618557,0.05154639175257732,0.020618556701030927,4.373626373626373
MF0018,0006,fear,0.06976744186046512,0.03488372093023256,0.29069767441860467,0.011627906976744186,0.05813953488372093,0.43023255813953487,0.10465116279069768,4.0777777777777775
MF0018,0006,happiness,0.008771929824561403,0.008771929824561403,0.008771929824561403,0.8596491228070176,0.02631578947368421,0.008771929824561403,0.07894736842105263,2.956043956043956
MF0018,0006,sadness,0.1958762886597938,0.1134020618556701,0.05154639175257732,0.010309278350515464,0.5257731958762887,NA,0.10309278350515463,4.407766990291262
MF0018,0006,surprise,0.011494252873563218,0.011494252873563218,0.05747126436781609,0.47126436781609193,0.011494252873563218,0.3448275862068966,0.09195402298850575,3.357142857142857
MF0018,0007,anger,0.7727272727272727,0.011363636363636364,0.03409090909090909,NA,0.10227272727272728,0.022727272727272728,0.056818181818181816,4.261904761904762
MF0018,0007,disgust,0.020618556701030927,0.8556701030927835,0.061855670103092786,0.010309278350515464,0.010309278350515464,0.041237113402061855,NA,5.076923076923077
MF0018,0007,fear,0.03488372093023256,0.011627906976744186,0.12790697674418605,0.05813953488372093,0.09302325581395349,0.3372093023255814,0.3372093023255814,2.977777777777778
MF0018,0007,happiness,NA,NA,NA,0.9912280701754386,NA,0.008771929824561403,NA,5.78021978021978
MF0018,0007,sadness,0.07216494845360824,0.26804123711340205,0.041237113402061855,0.061855670103092786,0.4536082474226804,0.010309278350515464,0.09278350515463918,4.436893203883495
MF0018,0007,surprise,0.011494252873563218,0.05747126436781609,0.08045977011494253,0.06896551724137931,0.034482758620689655,0.5057471264367817,0.2413793103448276,2.761904761904762
MF0018,0008,anger,0.42045454545454547,0.10227272727272728,0.03409090909090909,NA,0.3977272727272727,0.022727272727272728,0.022727272727272728,4.630952380952381
MF0018,0008,disgust,0.10309278350515463,0.7319587628865979,0.030927835051546393,NA,0.061855670103092786,0.061855670103092786,0.010309278350515464,5.395604395604396
MF0018,0008,fear,0.3023255813953488,0.08139534883720931,0.1744186046511628,0.023255813953488372,0.023255813953488372,0.36046511627906974,0.03488372093023256,4.322222222222222
MF0018,0008,happiness,NA,NA,0.008771929824561403,0.9736842105263158,NA,0.008771929824561403,0.008771929824561403,5.329670329670329
MF0018,0008,sadness,0.24742268041237114,0.061855670103092786,0.13402061855670103,NA,0.4639175257731959,0.020618556701030927,0.07216494845360824,4.631067961165049
MF0018,0008,surprise,NA,NA,NA,0.8735632183908046,NA,0.12643678160919541,NA,3.4166666666666665
MF0018,0009,anger,0.2159090909090909,0.022727272727272728,0.07954545454545454,0.06818181818181818,0.22727272727272727,0.011363636363636364,0.375,2.9047619047619047
MF0018,0009,disgust,0.09278350515463918,0.41237113402061853,0.1134020618556701,0.030927835051546393,0.1134020618556701,0.10309278350515463,0.13402061855670103,3.1868131868131866
MF0018,0009,fear,0.046511627906976744,0.023255813953488372,0.06976744186046512,0.046511627906976744,0.1511627906976744,0.3023255813953488,0.36046511627906974,2.933333333333333
MF0018,0009,happiness,0.008771929824561403,NA,NA,0.956140350877193,0.008771929824561403,0.008771929824561403,0.017543859649122806,4.758241758241758
MF0018,0009,sadness,0.08247422680412371,0.07216494845360824,0.08247422680412371,0.010309278350515464,0.35051546391752575,0.020618556701030927,0.38144329896907214,3.6407766990291264
MF0018,0009,surprise,NA,NA,0.022988505747126436,0.16091954022988506,NA,0.8045977011494253,0.011494252873563218,4.166666666666667
MF0018,0010,anger,0.5340909090909091,0.09090909090909091,0.011363636363636364,NA,0.19318181818181818,0.022727272727272728,0.14772727272727273,3.7857142857142856
MF0018,0010,disgust,0.17525773195876287,0.6185567010309279,0.010309278350515464,0.05154639175257732,0.041237113402061855,0.061855670103092786,0.041237113402061855,3.791208791208791
MF0018,0010,fear,0.023255813953488372,0.011627906976744186,0.13953488372093023,0.011627906976744186,0.09302325581395349,0.5581395348837209,0.16279069767441862,3.3
MF0018,0010,happiness,NA,0.008771929824561403,NA,0.9912280701754386,NA,NA,NA,5.6923076923076925
MF0018,0010,sadness,0.09278350515463918,0.061855670103092786,0.061855670103092786,NA,0.5360824742268041,NA,0.24742268041237114,3.9320388349514563
MF0018,0010,surprise,NA,NA,NA,NA,NA,1,NA,5.488095238095238
MF0018,0011,anger,0.17045454545454544,0.06818181818181818,0.1590909090909091,0.03409090909090909,0.22727272727272727,0.011363636363636364,0.32954545454545453,3.0238095238095237
MF0018,0011,disgust,0.1134020618556701,0.2268041237113402,0.10309278350515463,0.020618556701030927,0.21649484536082475,0.061855670103092786,0.25773195876288657,2.5274725274725274
MF0018,0011,fear,0.023255813953488372,0.05813953488372093,0.19767441860465115,NA,0.03488372093023256,0.6395348837209303,0.046511627906976744,4.111111111111111
MF0018,0011,happiness,NA,0.017543859649122806,NA,0.9298245614035088,0.008771929824561403,0.017543859649122806,0.02631578947368421,3.7142857142857144
MF0018,0011,sadness,0.061855670103092786,0.10309278350515463,0.030927835051546393,0.010309278350515464,0.31958762886597936,0.05154639175257732,0.422680412371134,3.6116504854368934
MF0018,0011,surprise,0.011494252873563218,0.04597701149425287,0.10344827586206896,0.034482758620689655,NA,0.735632183908046,0.06896551724137931,4.0476190476190474
MF0021,0001,anger,NA,0.022727272727272728,0.022727272727272728,0.7159090909090909,0.03409090909090909,0.056818181818181816,0.14772727272727273,1.8452380952380953
MF0021,0001,disgust,NA,NA,NA,0.8144329896907216,NA,0.1134020618556701,0.07216494845360824,1.5824175824175823
MF0021,0001,fear,NA,0.011627906976744186,0.011627906976744186,0.36046511627906974,NA,0.6162790697674418,NA,2.3222222222222224
MF0021,0001,happiness,NA,NA,NA,0.956140350877193,0.017543859649122806,0.008771929824561403,0.017543859649122806,4.043956043956044
MF0021,0001,sadness,0.041237113402061855,0.010309278350515464,NA,0.5257731958762887,0.041237113402061855,0.05154639175257732,0.32989690721649484,2.0388349514563107
MF0021,0001,surprise,NA,NA,NA,0.6206896551724138,NA,0.3793103448275862,NA,5.5476190476190474
MF0021,0002,anger,0.045454545454545456,0.03409090909090909,0.09090909090909091,0.022727272727272728,0.19318181818181818,0.13636363636363635,0.4772727272727273,2.2261904761904763
MF0021,0002,disgust,NA,0.32989690721649484,0.23711340206185566,0.020618556701030927,NA,0.30927835051546393,0.10309278350515463,3.89010989010989
MF0021,0002,fear,NA,0.03488372093023256,0.08139534883720931,0.5116279069767442,0.08139534883720931,0.09302325581395349,0.19767441860465115,2.7777777777777777
MF0021,0002,happiness,NA,NA,NA,0.9824561403508771,0.008771929824561403,0.008771929824561403,NA,4.8791208791208796
MF0021,0002,sadness,0.030927835051546393,0.15463917525773196,0.020618556701030927,0.030927835051546393,0.27835051546391754,0.010309278350515464,0.4742268041237113,3.1553398058252426
MF0021,0002,surprise,0.034482758620689655,0.09195402298850575,0.16091954022988506,0.034482758620689655,0.12643678160919541,0.2413793103448276,0.3103448275862069,2.4761904761904763
MF0021,0003,happiness,NA,0.008771929824561403,NA,0.9912280701754386,NA,NA,NA,3.6373626373626373
MF0021,0004,anger,0.17045454545454544,0.045454545454545456,0.03409090909090909,0.011363636363636364,0.17045454545454544,0.011363636363636364,0.5568181818181818,2.619047619047619
MF0021,0004,disgust,0.08247422680412371,0.20618556701030927,0.041237113402061855,0.061855670103092786,0.1958762886597938,0.12371134020618557,0.28865979381443296,2.7142857142857144
MF0021,0004,fear,0.10465116279069768,0.046511627906976744,0.011627906976744186,0.06976744186046512,0.09302325581395349,0.03488372093023256,0.6395348837209303,2.088888888888889
MF0021,0004,happiness,NA,NA,NA,0.9824561403508771,NA,0.017543859649122806,NA,6.208791208791209
MF0021,0004,sadness,0.16494845360824742,0.07216494845360824,0.020618556701030927,0.020618556701030927,0.27835051546391754,0.030927835051546393,0.41237113402061853,2.796116504854369
MF0021,0004,surprise,NA,NA,0.04597701149425287,0.39080459770114945,0.034482758620689655,0.034482758620689655,0.4942528735632184,1.9880952380952381
MF0021,0005,happiness,NA,NA,NA,0.9912280701754386,NA,NA,0.008771929824561403,5.868131868131868
MF0021,0005,sadness,0.05154639175257732,0.08247422680412371,0.09278350515463918,NA,0.6907216494845361,NA,0.08247422680412371,4.563106796116505
MF0021,0005,surprise,0.011494252873563218,NA,NA,0.6781609195402298,NA,0.2988505747126437,0.011494252873563218,3.9047619047619047
MF0021,0006,anger,0.11363636363636363,0.6818181818181818,NA,0.022727272727272728,0.07954545454545454,NA,0.10227272727272728,3.619047619047619
MF0021,0006,disgust,0.07216494845360824,0.5463917525773195,0.010309278350515464,0.030927835051546393,0.10309278350515463,0.041237113402061855,0.1958762886597938,3.10989010989011
MF0021,0006,fear,0.08139534883720931,0.3488372093023256,0.16279069767441862,0.011627906976744186,0.11627906976744186,0.05813953488372093,0.22093023255813954,3.311111111111111
MF0021,0006,happiness,NA,0.017543859649122806,NA,0.9824561403508771,NA,NA,NA,4.604395604395604
MF0021,0006,sadness,0.16494845360824742,0.20618556701030927,0.041237113402061855,0.010309278350515464,0.3402061855670103,0.020618556701030927,0.21649484536082475,3.5728155339805827
MF0021,0006,surprise,NA,NA,NA,0.9310344827586207,NA,0.04597701149425287,0.022988505747126436,2.488095238095238
MF0021,0007,anger,0.056818181818181816,0.022727272727272728,0.07954545454545454,0.06818181818181818,0.1590909090909091,0.03409090909090909,0.5795454545454546,2.4404761904761907
MF0021,0007,disgust,0.020618556701030927,0.10309278350515463,0.10309278350515463,0.41237113402061853,0.061855670103092786,0.05154639175257732,0.24742268041237114,2.131868131868132
MF0021,0007,fear,0.011627906976744186,0.03488372093023256,0.16279069767441862,0.08139534883720931,0.03488372093023256,0.47674418604651164,0.19767441860465115,3.3222222222222224
MF0021,0007,happiness,NA,NA,NA,1,NA,NA,NA,5.648351648351649
MF0021,0007,sadness,0.061855670103092786,0.15463917525773196,0.16494845360824742,0.061855670103092786,0.2268041237113402,0.05154639175257732,0.27835051546391754,3.203883495145631
MF0021,0007,surprise,0.011494252873563218,0.022988505747126436,0.25287356321839083,0.04597701149425287,0.022988505747126436,0.5057471264367817,0.13793103448275862,2.9642857142857144
MF0021,0008,anger,0.18181818181818182,0.011363636363636364,0.011363636363636364,0.26136363636363635,0.09090909090909091,0.07954545454545454,0.36363636363636365,2.3214285714285716
MF0021,0008,disgust,0.09278350515463918,0.7216494845360825,0.030927835051546393,0.030927835051546393,0.041237113402061855,0.041237113402061855,0.041237113402061855,4.758241758241758
MF0021,0008,fear,0.011627906976744186,NA,0.023255813953488372,0.6976744186046512,0.03488372093023256,0.12790697674418605,0.10465116279069768,2.0444444444444443
MF0021,0008,happiness,NA,NA,NA,0.9824561403508771,NA,NA,0.017543859649122806,4.395604395604396
MF0021,0008,sadness,0.29896907216494845,0.07216494845360824,0.061855670103092786,0.05154639175257732,0.15463917525773196,0.020618556701030927,0.3402061855670103,2.737864077669903
MF0021,0008,surprise,0.011494252873563218,NA,0.011494252873563218,0.11494252873563218,NA,0.8275862068965517,0.034482758620689655,4.369047619047619
MF0021,0009,anger,NA,0.03409090909090909,NA,0.75,0.011363636363636364,0.045454545454545456,0.1590909090909091,1.8452380952380953
MF0021,0009,disgust,0.5051546391752577,0.041237113402061855,0.05154639175257732,0.030927835051546393,0.14432989690721648,0.020618556701030927,0.20618556701030927,2.241758241758242
MF0021,0009,fear,NA,0.011627906976744186,0.011627906976744186,0.8372093023255814,0.023255813953488372,0.06976744186046512,0.046511627906976744,1.9444444444444444
MF0021,0009,happiness,NA,NA,NA,0.9649122807017544,NA,0.02631578947368421,0.008771929824561403,3.857142857142857
MF0021,0009,sadness,0.020618556701030927,0.020618556701030927,NA,0.7731958762886598,0.020618556701030927,0.041237113402061855,0.12371134020618557,1.6699029126213591
MF0021,0009,surprise,NA,0.011494252873563218,NA,0.8275862068965517,0.011494252873563218,0.08045977011494253,0.06896551724137931,2.2857142857142856
MF0021,0010,anger,0.18181818181818182,0.09090909090909091,0.022727272727272728,0.5681818181818182,0.011363636363636364,0.011363636363636364,0.11363636363636363,2.3214285714285716
MF0021,0010,disgust,0.31958762886597936,0.5670103092783505,0.030927835051546393,NA,0.041237113402061855,0.010309278350515464,0.030927835051546393,4.538461538461538
MF0021,0010,fear,NA,0.011627906976744186,0.011627906976744186,0.023255813953488372,0.011627906976744186,0.9069767441860465,0.03488372093023256,3.1222222222222222
MF0021,0010,happiness,0.008771929824561403,NA,NA,0.9035087719298246,NA,0.02631578947368421,0.06140350877192982,3.4395604395604398
MF0021,0010,sadness,0.030927835051546393,0.08247422680412371,0.020618556701030927,0.09278350515463918,0.12371134020618557,0.1958762886597938,0.4536082474226804,2.3689320388349513
MF0021,0010,surprise,NA,0.011494252873563218,0.022988505747126436,0.04597701149425287,0.011494252873563218,0.8735632183908046,0.034482758620689655,3.9761904761904763
MF0022,0001,happiness,0.017543859649122806,NA,NA,0.9649122807017544,0.008771929824561403,NA,0.008771929824561403,4.571428571428571
MF0022,0002,happiness,NA,NA,NA,0.9824561403508771,NA,NA,0.017543859649122806,4.285714285714286
MF0022,0003,happiness,NA,NA,NA,0.9824561403508771,NA,0.017543859649122806,NA,5.186813186813187
MF0022,0004,happiness,NA,NA,NA,0.9912280701754386,0.008771929824561403,NA,NA,5.483516483516484
MF0022,0005,happiness,NA,0.008771929824561403,0.008771929824561403,0.9824561403508771,NA,NA,NA,5.21978021978022
MF0022,0006,happiness,0.008771929824561403,0.03508771929824561,NA,0.9035087719298246,0.017543859649122806,0.008771929824561403,0.02631578947368421,5.274725274725275
MF0022,0007,happiness,NA,NA,NA,0.9649122807017544,0.008771929824561403,0.017543859649122806,0.008771929824561403,5.021978021978022
MF0022,0008,happiness,NA,NA,NA,0.9824561403508771,0.008771929824561403,0.008771929824561403,NA,4.9010989010989015
MF0022,0009,happiness,NA,NA,NA,0.9649122807017544,0.008771929824561403,0.017543859649122806,0.008771929824561403,5.263736263736264
MF0022,0010,happiness,NA,0.008771929824561403,0.008771929824561403,0.9736842105263158,NA,0.008771929824561403,NA,4.736263736263736
MF0023,0001,anger,0.20454545454545456,0.22727272727272727,0.045454545454545456,0.03409090909090909,0.13636363636363635,0.056818181818181816,0.29545454545454547,3.4523809523809526
MF0023,0001,disgust,0.1134020618556701,0.18556701030927836,0.09278350515463918,0.010309278350515464,0.30927835051546393,0.08247422680412371,0.20618556701030927,2.3956043956043955
MF0023,0001,fear,0.023255813953488372,0.05813953488372093,0.26744186046511625,0.03488372093023256,0.19767441860465115,0.13953488372093023,0.27906976744186046,2.966666666666667
MF0023,0001,happiness,0.008771929824561403,NA,NA,0.9649122807017544,0.008771929824561403,0.008771929824561403,0.008771929824561403,4.285714285714286
MF0023,0001,sadness,0.12371134020618557,0.05154639175257732,0.030927835051546393,0.041237113402061855,0.29896907216494845,0.041237113402061855,0.41237113402061853,3.466019417475728
MF0023,0001,surprise,NA,NA,NA,0.034482758620689655,NA,0.9655172413793104,NA,5.761904761904762
MF0023,0002,anger,0.011363636363636364,0.011363636363636364,0.03409090909090909,0.20454545454545456,0.19318181818181818,NA,0.5454545454545454,1.869047619047619
MF0023,0002,disgust,0.061855670103092786,NA,0.010309278350515464,0.05154639175257732,0.35051546391752575,0.010309278350515464,0.5154639175257731,1.978021978021978
MF0023,0002,fear,0.023255813953488372,0.023255813953488372,0.05813953488372093,0.046511627906976744,0.20930232558139536,0.09302325581395349,0.5465116279069767,2.477777777777778
MF0023,0002,happiness,NA,NA,NA,0.9912280701754386,0.008771929824561403,NA,NA,4.78021978021978
MF0023,0002,sadness,0.010309278350515464,0.041237113402061855,0.041237113402061855,0.14432989690721648,0.1958762886597938,0.041237113402061855,0.5257731958762887,2.6407766990291264
MF0023,0002,surprise,0.011494252873563218,0.022988505747126436,0.034482758620689655,0.5977011494252874,0.034482758620689655,0.034482758620689655,0.26436781609195403,1.75
MF0023,0003,anger,0.4659090909090909,0.10227272727272728,0.022727272727272728,0.022727272727272728,0.14772727272727273,0.045454545454545456,0.19318181818181818,3.1547619047619047
MF0023,0003,disgust,0.010309278350515464,0.8762886597938144,0.041237113402061855,0.010309278350515464,0.061855670103092786,NA,NA,5.637362637362638
MF0023,0003,fear,0.023255813953488372,0.1511627906976744,0.09302325581395349,0.3372093023255814,0.011627906976744186,0.26744186046511625,0.11627906976744186,2.433333333333333
MF0023,0003,happiness,NA,NA,NA,0.9824561403508771,NA,0.017543859649122806,NA,5.626373626373627
MF0023,0003,sadness,0.1134020618556701,0.061855670103092786,0.020618556701030927,0.010309278350515464,0.6597938144329897,0.010309278350515464,0.12371134020618557,3.941747572815534
MF0023,0003,surprise,NA,0.022988505747126436,0.12643678160919541,NA,0.011494252873563218,0.8275862068965517,0.011494252873563218,4.5
MF0023,0004,anger,0.011363636363636364,0.03409090909090909,0.022727272727272728,0.7954545454545454,0.011363636363636364,0.011363636363636364,0.11363636363636363,1.7380952380952381
MF0023,0004,disgust,0.041237113402061855,0.4020618556701031,0.18556701030927836,0.07216494845360824,0.12371134020618557,0.041237113402061855,0.13402061855670103,2.923076923076923
MF0023,0004,fear,0.023255813953488372,0.023255813953488372,0.3953488372093023,0.011627906976744186,0.3023255813953488,0.023255813953488372,0.22093023255813954,3.422222222222222
MF0023,0004,happiness,0.008771929824561403,NA,0.008771929824561403,0.956140350877193,0.008771929824561403,NA,0.017543859649122806,4
MF0023,0004,sadness,0.09278350515463918,0.041237113402061855,0.061855670103092786,0.010309278350515464,0.3711340206185567,0.020618556701030927,0.4020618556701031,3.3980582524271843
MF0023,0004,surprise,0.011494252873563218,0.22988505747126436,0.1724137931034483,0.22988505747126436,NA,0.14942528735632185,0.20689655172413793,2.6547619047619047
MF0023,0005,anger,0.045454545454545456,0.011363636363636364,NA,0.4090909090909091,0.045454545454545456,0.10227272727272728,0.38636363636363635,2.2261904761904763
MF0023,0005,disgust,0.030927835051546393,0.09278350515463918,0.3711340206185567,NA,0.041237113402061855,0.422680412371134,0.041237113402061855,3.5054945054945055
MF0023,0005,fear,NA,NA,NA,0.6511627906976745,0.011627906976744186,0.27906976744186046,0.05813953488372093,2.1555555555555554
MF0023,0005,happiness,NA,0.008771929824561403,NA,0.9649122807017544,NA,0.017543859649122806,0.008771929824561403,5.549450549450549
MF0023,0005,sadness,0.020618556701030927,0.13402061855670103,0.09278350515463918,0.05154639175257732,0.36082474226804123,0.1134020618556701,0.2268041237113402,3.9611650485436893
MF0023,0005,surprise,0.011494252873563218,NA,NA,0.40229885057471265,NA,0.5517241379310345,0.034482758620689655,4.416666666666667
MF0023,0006,anger,0.20454545454545456,NA,0.06818181818181818,0.011363636363636364,0.14772727272727273,NA,0.5681818181818182,2.5238095238095237
MF0023,0006,disgust,0.041237113402061855,0.5257731958762887,0.010309278350515464,0.18556701030927836,0.05154639175257732,0.030927835051546393,0.15463917525773196,3.2637362637362637
MF0023,0006,fear,NA,0.023255813953488372,0.1511627906976744,0.13953488372093023,0.046511627906976744,0.5,0.13953488372093023,2.7333333333333334
MF0023,0006,happiness,NA,0.017543859649122806,NA,0.9824561403508771,NA,NA,NA,5.186813186813187
MF0023,0006,sadness,0.08247422680412371,0.14432989690721648,0.010309278350515464,0.13402061855670103,0.3711340206185567,0.010309278350515464,0.24742268041237114,3.145631067961165
MF0023,0006,surprise,0.06896551724137931,0.4482758620689655,0.011494252873563218,0.27586206896551724,0.08045977011494253,0.011494252873563218,0.10344827586206896,2.0952380952380953
MF0023,0007,anger,0.5402298850574713,0.14942528735632185,0.04597701149425287,NA,0.11494252873563218,0.09195402298850575,0.05747126436781609,4.321428571428571
MF0023,0007,disgust,0.06818181818181818,0.8636363636363636,0.022727272727272728,0.011363636363636364,NA,0.022727272727272728,0.011363636363636364,5.417582417582418
MF0023,0007,fear,NA,0.010309278350515464,0.061855670103092786,NA,NA,0.9175257731958762,0.010309278350515464,4.844444444444444
MF0023,0007,happiness,NA,NA,NA,0.9883720930232558,NA,0.011627906976744186,NA,5.1098901098901095
MF0023,0007,sadness,0.043859649122807015,0.05263157894736842,0.02631578947368421,0.008771929824561403,0.8421052631578947,NA,0.02631578947368421,4.970873786407767
MF0023,0007,surprise,NA,0.010309278350515464,0.010309278350515464,0.020618556701030927,NA,0.9381443298969072,0.020618556701030927,5.809523809523809
MF0023,0008,anger,0.3448275862068966,0.16091954022988506,0.09195402298850575,NA,0.2413793103448276,0.05747126436781609,0.10344827586206896,3.7261904761904763
MF0023,0008,disgust,0.045454545454545456,0.9318181818181818,NA,NA,0.011363636363636364,NA,0.011363636363636364,5.802197802197802
MF0023,0008,fear,0.26804123711340205,0.18556701030927836,0.10309278350515463,0.010309278350515464,0.15463917525773196,0.17525773195876287,0.10309278350515463,3.2444444444444445
MF0023,0008,happiness,NA,0.011627906976744186,NA,0.9767441860465116,0.011627906976744186,NA,NA,5.087912087912088
MF0023,0008,sadness,0.06140350877192982,0.34210526315789475,0.017543859649122806,0.008771929824561403,0.5087719298245614,0.02631578947368421,0.03508771929824561,4.631067961165049
MF0023,0008,surprise,NA,0.010309278350515464,NA,0.020618556701030927,NA,0.9587628865979382,0.010309278350515464,5.821428571428571
MF0023,0009,anger,0.7701149425287356,0.05747126436781609,0.034482758620689655,0.034482758620689655,NA,0.06896551724137931,0.034482758620689655,5.928571428571429
MF0023,0009,disgust,0.11363636363636363,0.8295454545454546,NA,0.011363636363636364,0.03409090909090909,NA,0.011363636363636364,5.043956043956044
MF0023,0009,fear,NA,NA,NA,0.20618556701030927,NA,0.7938144329896907,NA,2.2555555555555555
MF0023,0009,happiness,NA,NA,NA,0.9767441860465116,0.011627906976744186,NA,0.011627906976744186,4.241758241758242
MF0023,0009,sadness,0.03508771929824561,0.06140350877192982,0.03508771929824561,0.008771929824561403,0.41228070175438597,0.14035087719298245,0.30701754385964913,3.679611650485437
MF0023,0009,surprise,0.010309278350515464,0.09278350515463918,0.41237113402061853,0.010309278350515464,0.020618556701030927,0.4329896907216495,0.020618556701030927,4.976190476190476
MF0023,0010,anger,0.2413793103448276,0.034482758620689655,0.04597701149425287,0.011494252873563218,0.3563218390804598,0.011494252873563218,0.2988505747126437,3.119047619047619
MF0023,0010,disgust,NA,0.17045454545454544,0.056818181818181816,0.6022727272727273,0.03409090909090909,0.022727272727272728,0.11363636363636363,2.197802197802198
MF0023,0010,fear,0.030927835051546393,0.010309278350515464,0.20618556701030927,0.030927835051546393,0.05154639175257732,0.44329896907216493,0.2268041237113402,3.033333333333333
MF0023,0010,happiness,0.011627906976744186,0.011627906976744186,NA,0.8255813953488372,NA,NA,0.1511627906976744,2.802197802197802
MF0023,0010,sadness,0.05263157894736842,0.008771929824561403,0.08771929824561403,0.02631578947368421,0.2807017543859649,0.08771929824561403,0.45614035087719296,3.203883495145631
MF0023,0010,surprise,0.041237113402061855,0.030927835051546393,0.15463917525773196,0.010309278350515464,0.05154639175257732,0.5360824742268041,0.17525773195876287,2.7023809523809526
MF0024,0001,anger,0.39080459770114945,0.12643678160919541,0.04597701149425287,NA,0.3333333333333333,0.022988505747126436,0.08045977011494253,3.869047619047619
MF0024,0001,disgust,0.45454545454545453,0.1590909090909091,0.011363636363636364,NA,0.2159090909090909,0.022727272727272728,0.13636363636363635,2.967032967032967
MF0024,0001,fear,0.041237113402061855,0.030927835051546393,0.05154639175257732,0.030927835051546393,0.15463917525773196,0.32989690721649484,0.36082474226804123,2.466666666666667
MF0024,0001,happiness,0.011627906976744186,0.03488372093023256,0.011627906976744186,0.813953488372093,0.046511627906976744,0.011627906976744186,0.06976744186046512,3.1648351648351647
MF0024,0001,sadness,0.21052631578947367,0.08771929824561403,0.02631578947368421,NA,0.42105263157894735,0.02631578947368421,0.22807017543859648,3.9514563106796117
MF0024,0001,surprise,0.07216494845360824,0.10309278350515463,0.09278350515463918,0.020618556701030927,0.16494845360824742,0.25773195876288657,0.28865979381443296,2.1904761904761907
MF0024,0002,anger,0.12643678160919541,0.5632183908045977,0.13793103448275862,NA,0.11494252873563218,0.022988505747126436,0.034482758620689655,4.309523809523809
MF0024,0002,disgust,NA,0.3522727272727273,0.22727272727272727,0.011363636363636364,0.38636363636363635,0.022727272727272728,NA,4.472527472527473
MF0024,0002,fear,0.030927835051546393,0.25773195876288657,0.4742268041237113,0.030927835051546393,0.041237113402061855,0.13402061855670103,0.030927835051546393,5.088888888888889
MF0024,0002,happiness,NA,NA,NA,1,NA,NA,NA,5.274725274725275
MF0024,0002,sadness,0.08771929824561403,0.19298245614035087,0.09649122807017543,0.017543859649122806,0.5350877192982456,0.043859649122807015,0.02631578947368421,4.669902912621359
MF0024,0002,surprise,NA,0.041237113402061855,0.3917525773195876,0.010309278350515464,0.041237113402061855,0.4845360824742268,0.030927835051546393,3.5238095238095237
MF0024,0003,anger,0.16091954022988506,0.08045977011494253,0.14942528735632185,NA,0.4827586206896552,0.022988505747126436,0.10344827586206896,2.892857142857143
MF0024,0003,disgust,0.125,0.1590909090909091,0.14772727272727273,0.022727272727272728,0.42045454545454547,0.022727272727272728,0.10227272727272728,2.78021978021978
MF0024,0003,fear,NA,0.010309278350515464,0.061855670103092786,0.010309278350515464,0.020618556701030927,0.8865979381443299,0.010309278350515464,4.166666666666667
MF0024,0003,happiness,NA,NA,0.011627906976744186,0.9534883720930233,0.011627906976744186,0.011627906976744186,0.011627906976744186,3.791208791208791
MF0024,0003,sadness,0.06140350877192982,0.043859649122807015,0.07894736842105263,0.017543859649122806,0.6052631578947368,0.03508771929824561,0.15789473684210525,3.8932038834951457
MF0024,0003,surprise,NA,0.010309278350515464,0.1134020618556701,0.010309278350515464,0.020618556701030927,0.8350515463917526,0.010309278350515464,4.095238095238095
MF0024,0004,anger,0.2988505747126437,0.04597701149425287,0.21839080459770116,NA,0.08045977011494253,0.21839080459770116,0.13793103448275862,3.6666666666666665
MF0024,0004,disgust,0.07954545454545454,0.8068181818181818,0.022727272727272728,NA,0.045454545454545456,0.03409090909090909,0.011363636363636364,5.010989010989011
MF0024,0004,fear,0.09278350515463918,0.020618556701030927,0.23711340206185566,0.020618556701030927,NA,0.6288659793814433,NA,4.455555555555556
MF0024,0004,happiness,NA,NA,NA,1,NA,NA,NA,4.956043956043956
MF0024,0004,sadness,0.19298245614035087,0.017543859649122806,0.08771929824561403,0.008771929824561403,0.39473684210526316,0.03508771929824561,0.2631578947368421,3.854368932038835
MF0024,0004,surprise,0.030927835051546393,0.061855670103092786,0.020618556701030927,0.14432989690721648,0.020618556701030927,0.6907216494845361,0.030927835051546393,3.761904761904762
MF0024,0005,anger,0.14942528735632185,0.27586206896551724,0.034482758620689655,0.022988505747126436,0.16091954022988506,0.14942528735632185,0.20689655172413793,3.119047619047619
MF0024,0005,disgust,0.022727272727272728,0.8636363636363636,NA,0.022727272727272728,0.011363636363636364,0.045454545454545456,0.03409090909090909,4.4945054945054945
MF0024,0005,fear,0.030927835051546393,0.020618556701030927,0.010309278350515464,0.09278350515463918,0.15463917525773196,0.09278350515463918,0.5979381443298969,2.088888888888889
MF0024,0005,happiness,NA,0.011627906976744186,NA,0.9767441860465116,NA,NA,0.011627906976744186,3.868131868131868
MF0024,0005,sadness,0.09649122807017543,0.13157894736842105,0.043859649122807015,0.02631578947368421,0.4298245614035088,0.05263157894736842,0.21929824561403508,4.019417475728155
MF0024,0005,surprise,0.020618556701030927,0.020618556701030927,NA,0.35051546391752575,0.041237113402061855,0.38144329896907214,0.18556701030927836,2.0238095238095237
MF0024,0006,anger,0.7586206896551724,0.022988505747126436,0.05747126436781609,0.011494252873563218,0.08045977011494253,0.034482758620689655,0.034482758620689655,4.678571428571429
MF0024,0006,disgust,0.5568181818181818,0.13636363636363635,0.09090909090909091,NA,0.06818181818181818,0.10227272727272728,0.045454545454545456,3.010989010989011
MF0024,0006,fear,0.1958762886597938,0.041237113402061855,0.27835051546391754,0.010309278350515464,0.05154639175257732,0.38144329896907214,0.041237113402061855,3.7555555555555555
MF0024,0006,happiness,NA,NA,NA,1,NA,NA,NA,5.945054945054945
MF0024,0006,sadness,0.4473684210526316,0.06140350877192982,0.14035087719298245,NA,0.09649122807017543,0.08771929824561403,0.16666666666666666,3.2718446601941746
MF0024,0006,surprise,NA,0.041237113402061855,0.041237113402061855,0.7938144329896907,NA,0.07216494845360824,0.05154639175257732,2.8214285714285716
MF0024,0007,anger,0.3563218390804598,0.25287356321839083,0.022988505747126436,0.011494252873563218,0.12643678160919541,0.12643678160919541,0.10344827586206896,4.130952380952381
MF0024,0007,disgust,0.09090909090909091,0.42045454545454547,0.011363636363636364,0.022727272727272728,0.4090909090909091,NA,0.045454545454545456,3.1648351648351647
MF0024,0007,fear,0.030927835051546393,0.041237113402061855,0.08247422680412371,0.05154639175257732,0.12371134020618557,0.3917525773195876,0.27835051546391754,2.7666666666666666
MF0024,0007,happiness,NA,NA,NA,0.9883720930232558,NA,0.011627906976744186,NA,5.34065934065934
MF0024,0007,sadness,0.16666666666666666,0.12280701754385964,0.008771929824561403,0.017543859649122806,0.5614035087719298,0.008771929824561403,0.11403508771929824,4.194174757281553
MF0024,0007,surprise,0.030927835051546393,0.041237113402061855,0.030927835051546393,0.05154639175257732,0.12371134020618557,0.25773195876288657,0.4639175257731959,2.2976190476190474
MF0024,0008,anger,0.21839080459770116,0.05747126436781609,0.12643678160919541,NA,0.39080459770114945,NA,0.20689655172413793,2.9642857142857144
MF0024,0008,disgust,0.14772727272727273,NA,0.06818181818181818,0.011363636363636364,0.4090909090909091,NA,0.36363636363636365,2.1648351648351647
MF0024,0008,fear,0.08247422680412371,NA,0.16494845360824742,0.010309278350515464,0.41237113402061853,0.020618556701030927,0.30927835051546393,3
MF0024,0008,happiness,0.03488372093023256,0.05813953488372093,0.03488372093023256,0.03488372093023256,0.45348837209302323,0.011627906976744186,0.37209302325581395,1.8131868131868132
MF0024,0008,sadness,0.14912280701754385,0.05263157894736842,0.07894736842105263,0.008771929824561403,0.38596491228070173,0.008771929824561403,0.3157894736842105,4.12621359223301
MF0024,0008,surprise,0.05154639175257732,0.1134020618556701,0.08247422680412371,NA,0.4536082474226804,0.020618556701030927,0.27835051546391754,1.6904761904761905
MF0024,0009,anger,0.4482758620689655,0.06896551724137931,NA,0.011494252873563218,0.41379310344827586,0.034482758620689655,0.022988505747126436,4.071428571428571
MF0024,0009,disgust,0.23863636363636365,0.1590909090909091,0.045454545454545456,NA,0.4772727272727273,0.03409090909090909,0.045454545454545456,3.681318681318681
MF0024,0009,fear,0.030927835051546393,NA,0.1134020618556701,0.010309278350515464,0.26804123711340205,0.05154639175257732,0.5257731958762887,2.2555555555555555
MF0024,0009,happiness,0.023255813953488372,0.05813953488372093,NA,0.7790697674418605,0.046511627906976744,0.011627906976744186,0.08139534883720931,2.681318681318681
MF0024,0009,sadness,0.11403508771929824,0.06140350877192982,0.008771929824561403,0.008771929824561403,0.6403508771929824,0.017543859649122806,0.14912280701754385,4.320388349514563
MF0024,0009,surprise,0.020618556701030927,0.010309278350515464,0.12371134020618557,0.010309278350515464,0.030927835051546393,0.7835051546391752,0.020618556701030927,3.761904761904762
MF0024,0010,anger,0.20689655172413793,0.09195402298850575,0.034482758620689655,NA,0.47126436781609193,0.011494252873563218,0.1839080459770115,3.0714285714285716
MF0024,0010,disgust,0.06818181818181818,0.875,NA,NA,0.045454545454545456,NA,0.011363636363636364,5.747252747252747
MF0024,0010,fear,NA,0.020618556701030927,0.14432989690721648,0.010309278350515464,NA,0.8247422680412371,NA,4.3
MF0024,0010,happiness,NA,0.011627906976744186,NA,0.9186046511627907,0.03488372093023256,0.011627906976744186,0.023255813953488372,3.3516483516483517
MF0024,0010,sadness,0.05263157894736842,0.043859649122807015,0.03508771929824561,NA,0.5526315789473685,0.05263157894736842,0.2631578947368421,3.8737864077669903
MF0024,0010,surprise,NA,NA,0.10309278350515463,0.020618556701030927,NA,0.8762886597938144,NA,5.607142857142857
MF0025,0001,anger,0.40229885057471265,0.20689655172413793,0.034482758620689655,NA,0.27586206896551724,0.04597701149425287,0.034482758620689655,4.059523809523809
MF0025,0001,disgust,0.011363636363636364,0.18181818181818182,NA,0.5795454545454546,NA,0.1590909090909091,0.06818181818181818,2.5054945054945055
MF0025,0001,fear,NA,NA,0.020618556701030927,NA,NA,0.979381443298969,NA,4.311111111111111
MF0025,0001,happiness,NA,NA,NA,0.9767441860465116,0.011627906976744186,0.011627906976744186,NA,5.131868131868132
MF0025,0001,sadness,0.12280701754385964,0.02631578947368421,0.02631578947368421,0.008771929824561403,0.5701754385964912,0.02631578947368421,0.21929824561403508,3.766990291262136
MF0025,0001,surprise,NA,NA,NA,0.030927835051546393,0.010309278350515464,0.9587628865979382,NA,5.821428571428571
MF0025,0002,anger,0.5402298850574713,0.034482758620689655,0.022988505747126436,0.011494252873563218,0.21839080459770116,0.022988505747126436,0.14942528735632185,3.3214285714285716
MF0025,0002,disgust,0.26136363636363635,0.5113636363636364,NA,0.011363636363636364,0.18181818181818182,0.011363636363636364,0.022727272727272728,4.604395604395604
MF0025,0002,fear,NA,0.010309278350515464,0.010309278350515464,0.010309278350515464,NA,0.9690721649484536,NA,3.5555555555555554
MF0025,0002,happiness,NA,NA,NA,0.9883720930232558,NA,NA,0.011627906976744186,5.263736263736264
MF0025,0002,sadness,0.12280701754385964,0.06140350877192982,0.008771929824561403,0.008771929824561403,0.47368421052631576,0.02631578947368421,0.2982456140350877,3.3592233009708736
MF0025,0002,surprise,NA,0.010309278350515464,0.08247422680412371,0.10309278350515463,0.020618556701030927,0.6494845360824743,0.13402061855670103,3.107142857142857
MF0025,0003,anger,0.4367816091954023,0.011494252873563218,0.10344827586206896,NA,0.21839080459770116,0.06896551724137931,0.16091954022988506,3.5476190476190474
MF0025,0003,disgust,0.29545454545454547,0.045454545454545456,0.1590909090909091,NA,0.36363636363636365,0.03409090909090909,0.10227272727272728,2.769230769230769
MF0025,0003,fear,0.020618556701030927,0.010309278350515464,0.26804123711340205,NA,0.010309278350515464,0.6701030927835051,0.020618556701030927,4.866666666666666
MF0025,0003,happiness,NA,0.05813953488372093,0.011627906976744186,0.8837209302325582,0.011627906976744186,0.011627906976744186,0.023255813953488372,3.2527472527472527
MF0025,0003,sadness,0.13157894736842105,0.05263157894736842,0.3157894736842105,0.008771929824561403,0.20175438596491227,0.18421052631578946,0.10526315789473684,3.8155339805825244
MF0025,0003,surprise,0.030927835051546393,0.020618556701030927,0.12371134020618557,NA,0.041237113402061855,0.7628865979381443,0.020618556701030927,3.9166666666666665
MF0025,0004,anger,0.05747126436781609,0.5747126436781609,0.022988505747126436,0.011494252873563218,0.11494252873563218,0.16091954022988506,0.05747126436781609,4.392857142857143
MF0025,0004,disgust,0.06818181818181818,0.8636363636363636,NA,NA,0.011363636363636364,0.022727272727272728,0.03409090909090909,5.241758241758242
MF0025,0004,fear,0.030927835051546393,0.05154639175257732,0.38144329896907214,NA,0.17525773195876287,0.32989690721649484,0.030927835051546393,4.544444444444444
MF0025,0004,happiness,NA,NA,NA,0.9767441860465116,0.011627906976744186,0.011627906976744186,NA,5.65934065934066
MF0025,0004,sadness,0.008771929824561403,0.11403508771929824,0.07894736842105263,0.008771929824561403,0.7280701754385965,0.043859649122807015,0.017543859649122806,5.213592233009709
MF0025,0004,surprise,NA,NA,0.041237113402061855,0.020618556701030927,NA,0.9278350515463918,0.010309278350515464,5.261904761904762
MF0025,0005,anger,0.41379310344827586,0.14942528735632185,0.011494252873563218,NA,0.08045977011494253,0.2413793103448276,0.10344827586206896,4.559523809523809
MF0025,0005,disgust,0.4318181818181818,0.14772727272727273,0.03409090909090909,NA,0.22727272727272727,0.07954545454545454,0.07954545454545454,3.5054945054945055
MF0025,0005,fear,NA,0.020618556701030927,0.061855670103092786,NA,0.05154639175257732,0.8247422680412371,0.041237113402061855,3.1222222222222222
MF0025,0005,happiness,NA,0.011627906976744186,0.046511627906976744,0.8953488372093024,0.011627906976744186,0.011627906976744186,0.023255813953488372,3.3076923076923075
MF0025,0005,sadness,0.2982456140350877,0.07017543859649122,0.06140350877192982,0.008771929824561403,0.2894736842105263,0.017543859649122806,0.2543859649122807,3.6310679611650487
MF0025,0005,surprise,0.030927835051546393,0.030927835051546393,0.1134020618556701,NA,0.07216494845360824,0.7010309278350515,0.05154639175257732,3.130952380952381
MF0025,0006,anger,0.1839080459770115,0.034482758620689655,0.05747126436781609,0.011494252873563218,0.3793103448275862,NA,0.3333333333333333,2.892857142857143
MF0025,0006,disgust,0.03409090909090909,0.29545454545454547,0.045454545454545456,0.22727272727272727,0.09090909090909091,0.03409090909090909,0.2727272727272727,2.4725274725274726
MF0025,0006,fear,0.1134020618556701,0.041237113402061855,0.010309278350515464,NA,0.30927835051546393,0.05154639175257732,0.4742268041237113,2.0444444444444443
MF0025,0006,happiness,NA,0.046511627906976744,NA,0.8604651162790697,NA,0.03488372093023256,0.05813953488372093,3.8241758241758244
MF0025,0006,sadness,0.12280701754385964,0.06140350877192982,NA,NA,0.5526315789473685,0.017543859649122806,0.24561403508771928,3.9514563106796117
MF0025,0006,surprise,NA,0.041237113402061855,0.10309278350515463,0.020618556701030927,0.09278350515463918,0.4845360824742268,0.25773195876288657,2.357142857142857
MF0025,0007,anger,0.2413793103448276,0.06896551724137931,0.011494252873563218,NA,0.3218390804597701,0.022988505747126436,0.3333333333333333,2.988095238095238
MF0025,0007,disgust,0.5340909090909091,0.3977272727272727,0.011363636363636364,NA,0.056818181818181816,NA,NA,4.021978021978022
MF0025,0007,fear,0.05154639175257732,NA,0.18556701030927836,0.041237113402061855,0.020618556701030927,0.5979381443298969,0.10309278350515463,3.388888888888889
MF0025,0007,happiness,NA,NA,NA,0.9534883720930233,0.023255813953488372,0.011627906976744186,0.011627906976744186,4.527472527472527
MF0025,0007,sadness,0.05263157894736842,0.043859649122807015,0.06140350877192982,0.06140350877192982,0.11403508771929824,0.21052631578947367,0.45614035087719296,3.0194174757281553
MF0025,0007,surprise,NA,0.07216494845360824,0.09278350515463918,0.13402061855670103,0.030927835051546393,0.30927835051546393,0.36082474226804123,2.4761904761904763
MF0025,0008,anger,0.6206896551724138,0.04597701149425287,0.011494252873563218,NA,0.25287356321839083,0.011494252873563218,0.05747126436781609,4.119047619047619
MF0025,0008,disgust,0.625,0.3522727272727273,NA,NA,NA,0.022727272727272728,NA,4.461538461538462
MF0025,0008,fear,0.041237113402061855,0.041237113402061855,0.020618556701030927,0.010309278350515464,0.1134020618556701,0.422680412371134,0.35051546391752575,2.433333333333333
MF0025,0008,happiness,0.011627906976744186,0.12790697674418605,NA,0.7441860465116279,0.03488372093023256,0.023255813953488372,0.05813953488372093,3.098901098901099
MF0025,0008,sadness,0.20175438596491227,0.02631578947368421,0.008771929824561403,0.008771929824561403,0.6052631578947368,0.008771929824561403,0.14035087719298245,4.349514563106796
MF0025,0008,surprise,0.010309278350515464,0.030927835051546393,0.10309278350515463,0.041237113402061855,0.09278350515463918,0.5567010309278351,0.16494845360824742,2.511904761904762
MF0025,0009,anger,0.3793103448275862,0.13793103448275862,0.04597701149425287,0.05747126436781609,0.06896551724137931,0.16091954022988506,0.14942528735632185,3.6904761904761907
MF0025,0009,disgust,0.03409090909090909,0.7272727272727273,0.011363636363636364,0.022727272727272728,0.045454545454545456,0.06818181818181818,0.09090909090909091,4.197802197802198
MF0025,0009,fear,NA,0.010309278350515464,0.16494845360824742,NA,0.041237113402061855,0.6907216494845361,0.09278350515463918,3.8
MF0025,0009,happiness,NA,NA,NA,1,NA,NA,NA,6.032967032967033
MF0025,0009,sadness,0.10526315789473684,0.13157894736842105,0.008771929824561403,0.017543859649122806,0.6666666666666666,0.017543859649122806,0.05263157894736842,4.592233009708738
MF0025,0009,surprise,0.010309278350515464,NA,0.010309278350515464,0.061855670103092786,NA,0.9072164948453608,0.010309278350515464,4.607142857142857
MF0025,0010,anger,0.04597701149425287,0.6091954022988506,0.05747126436781609,NA,0.022988505747126436,0.1839080459770115,0.08045977011494253,3.511904761904762
MF0025,0010,disgust,0.011363636363636364,0.4659090909090909,0.056818181818181816,0.011363636363636364,0.056818181818181816,0.2840909090909091,0.11363636363636363,4.186813186813187
MF0025,0010,fear,0.010309278350515464,0.05154639175257732,0.24742268041237114,NA,0.061855670103092786,0.5876288659793815,0.041237113402061855,3.966666666666667
MF0025,0010,happiness,NA,NA,NA,0.9883720930232558,NA,NA,0.011627906976744186,4.373626373626373
MF0025,0010,sadness,0.07894736842105263,0.13157894736842105,0.12280701754385964,NA,0.4473684210526316,0.07894736842105263,0.14035087719298245,4.174757281553398
MF0025,0010,surprise,0.010309278350515464,0.041237113402061855,0.07216494845360824,0.010309278350515464,0.08247422680412371,0.5257731958762887,0.25773195876288657,2.738095238095238
MF0026,0001,anger,0.367816091954023,0.10344827586206896,0.05747126436781609,0.011494252873563218,0.27586206896551724,NA,0.1839080459770115,3.238095238095238
MF0026,0001,disgust,0.3181818181818182,0.11363636363636363,0.022727272727272728,0.022727272727272728,0.18181818181818182,0.022727272727272728,0.3181818181818182,2.5714285714285716
MF0026,0001,fear,0.020618556701030927,0.010309278350515464,0.31958762886597936,0.05154639175257732,0.061855670103092786,0.3402061855670103,0.1958762886597938,3.1
MF0026,0001,happiness,NA,NA,NA,0.9883720930232558,NA,0.011627906976744186,NA,5.274725274725275
MF0026,0001,sadness,0.18421052631578946,0.043859649122807015,0.008771929824561403,0.008771929824561403,0.43859649122807015,0.008771929824561403,0.30701754385964913,3.6116504854368934
MF0026,0001,surprise,NA,0.010309278350515464,0.010309278350515464,0.31958762886597936,NA,0.6494845360824743,0.010309278350515464,4.285714285714286
MF0026,0002,anger,0.367816091954023,0.12643678160919541,0.05747126436781609,0.011494252873563218,0.3333333333333333,0.011494252873563218,0.09195402298850575,3.5357142857142856
MF0026,0002,disgust,0.09090909090909091,0.7840909090909091,NA,NA,0.056818181818181816,0.056818181818181816,0.011363636363636364,4.967032967032967
MF0026,0002,fear,0.061855670103092786,0.041237113402061855,0.25773195876288657,NA,0.010309278350515464,0.6082474226804123,0.020618556701030927,4.611111111111111
MF0026,0002,happiness,NA,NA,NA,1,NA,NA,NA,6.0989010989010985
MF0026,0002,sadness,0.17543859649122806,0.37719298245614036,0.12280701754385964,NA,0.20175438596491227,0.11403508771929824,0.008771929824561403,4.504854368932039
MF0026,0002,surprise,0.010309278350515464,0.041237113402061855,0.24742268041237114,NA,0.010309278350515464,0.6804123711340206,0.010309278350515464,4.285714285714286
MF0026,0003,anger,0.3333333333333333,0.05747126436781609,0.034482758620689655,0.034482758620689655,0.1839080459770115,NA,0.3563218390804598,3.011904761904762
MF0026,0003,disgust,0.14772727272727273,0.07954545454545454,0.06818181818181818,0.125,0.06818181818181818,0.022727272727272728,0.48863636363636365,2.120879120879121
MF0026,0003,fear,0.15463917525773196,0.041237113402061855,0.10309278350515463,0.030927835051546393,0.09278350515463918,0.15463917525773196,0.422680412371134,2.6444444444444444
MF0026,0003,happiness,0.011627906976744186,0.011627906976744186,0.011627906976744186,0.6511627906976745,0.06976744186046512,NA,0.2441860465116279,2.5054945054945055
MF0026,0003,sadness,0.22807017543859648,0.07894736842105263,0.008771929824561403,0.017543859649122806,0.20175438596491227,0.017543859649122806,0.4473684210526316,3.2524271844660193
MF0026,0003,surprise,0.020618556701030927,0.010309278350515464,NA,0.711340206185567,0.020618556701030927,0.020618556701030927,0.21649484536082475,1.9761904761904763
MF0026,0004,anger,0.26436781609195403,0.06896551724137931,0.09195402298850575,0.011494252873563218,0.3103448275862069,0.022988505747126436,0.22988505747126436,2.9642857142857144
MF0026,0004,disgust,0.26136363636363635,0.011363636363636364,0.07954545454545454,0.03409090909090909,0.19318181818181818,0.022727272727272728,0.3977272727272727,2.2747252747252746
MF0026,0004,fear,0.15463917525773196,0.05154639175257732,0.15463917525773196,0.010309278350515464,0.16494845360824742,0.1134020618556701,0.35051546391752575,2.466666666666667
MF0026,0004,happiness,NA,NA,0.023255813953488372,0.8837209302325582,0.011627906976744186,0.023255813953488372,0.05813953488372093,3.791208791208791
MF0026,0004,sadness,0.2982456140350877,0.09649122807017543,0.06140350877192982,NA,0.19298245614035087,0.03508771929824561,0.3157894736842105,3.203883495145631
MF0026,0004,surprise,0.09278350515463918,0.061855670103092786,0.07216494845360824,0.020618556701030927,0.10309278350515463,0.32989690721649484,0.31958762886597936,2.1785714285714284
MF0026,0005,anger,0.42528735632183906,0.05747126436781609,0.034482758620689655,NA,0.2988505747126437,0.022988505747126436,0.16091954022988506,3.3095238095238093
MF0026,0005,disgust,0.022727272727272728,0.42045454545454547,0.14772727272727273,0.022727272727272728,0.13636363636363635,0.056818181818181816,0.19318181818181818,2.6483516483516483
MF0026,0005,fear,NA,0.041237113402061855,0.32989690721649484,0.020618556701030927,0.010309278350515464,0.5773195876288659,0.020618556701030927,4.777777777777778
MF0026,0005,happiness,NA,0.023255813953488372,0.011627906976744186,0.872093023255814,NA,NA,0.09302325581395349,2.901098901098901
MF0026,0005,sadness,0.03508771929824561,0.3333333333333333,0.017543859649122806,0.008771929824561403,0.5350877192982456,0.02631578947368421,0.043859649122807015,4.504854368932039
MF0026,0005,surprise,NA,NA,0.020618556701030927,0.18556701030927836,NA,0.7835051546391752,0.010309278350515464,4.9523809523809526
MF0026,0006,anger,0.1839080459770115,0.08045977011494253,0.04597701149425287,0.022988505747126436,0.3218390804597701,0.011494252873563218,0.3333333333333333,2.880952380952381
MF0026,0006,disgust,0.011363636363636364,0.14772727272727273,0.03409090909090909,0.6477272727272727,0.045454545454545456,0.011363636363636364,0.10227272727272728,3.0549450549450547
MF0026,0006,fear,0.23711340206185566,0.1958762886597938,0.20618556701030927,NA,0.13402061855670103,0.12371134020618557,0.10309278350515463,3.488888888888889
MF0026,0006,happiness,NA,0.011627906976744186,NA,0.9883720930232558,NA,NA,NA,4.8791208791208796
MF0026,0006,sadness,0.21929824561403508,0.07017543859649122,0.017543859649122806,0.008771929824561403,0.4473684210526316,NA,0.23684210526315788,3.7184466019417477
MF0026,0006,surprise,0.041237113402061855,0.061855670103092786,0.05154639175257732,0.09278350515463918,0.061855670103092786,0.4742268041237113,0.21649484536082475,2.7142857142857144
MF0026,0007,anger,0.41379310344827586,0.08045977011494253,NA,0.011494252873563218,0.3103448275862069,0.022988505747126436,0.16091954022988506,3.2142857142857144
MF0026,0007,disgust,0.2727272727272727,0.07954545454545454,0.011363636363636364,0.03409090909090909,0.25,0.022727272727272728,0.32954545454545453,2.6153846153846154
MF0026,0007,fear,0.030927835051546393,0.05154639175257732,0.07216494845360824,0.020618556701030927,0.16494845360824742,0.17525773195876287,0.4845360824742268,2.2111111111111112
MF0026,0007,happiness,NA,NA,NA,0.9418604651162791,0.023255813953488372,NA,0.03488372093023256,3.8131868131868134
MF0026,0007,sadness,0.2982456140350877,0.02631578947368421,0.008771929824561403,0.02631578947368421,0.4298245614035088,0.008771929824561403,0.20175438596491227,3.912621359223301
MF0026,0007,surprise,0.010309278350515464,NA,0.010309278350515464,0.865979381443299,NA,0.1134020618556701,NA,3.5833333333333335
MF0026,0008,anger,0.08045977011494253,0.10344827586206896,0.09195402298850575,0.05747126436781609,0.2413793103448276,0.05747126436781609,0.367816091954023,2.3333333333333335
MF0026,0008,disgust,0.011363636363636364,0.2840909090909091,0.2159090909090909,0.10227272727272728,0.11363636363636363,0.13636363636363635,0.13636363636363635,3.2857142857142856
MF0026,0008,fear,0.020618556701030927,0.05154639175257732,0.17525773195876287,0.21649484536082475,0.17525773195876287,0.08247422680412371,0.27835051546391754,2.7111111111111112
MF0026,0008,happiness,NA,NA,NA,0.9651162790697675,NA,0.011627906976744186,0.023255813953488372,3.2857142857142856
MF0026,0008,sadness,0.02631578947368421,0.008771929824561403,0.22807017543859648,0.043859649122807015,0.4824561403508772,0.043859649122807015,0.16666666666666666,3.7864077669902914
MF0026,0008,surprise,0.010309278350515464,0.08247422680412371,0.31958762886597936,0.05154639175257732,0.05154639175257732,0.4329896907216495,0.05154639175257732,3.0595238095238093
MF0026,0009,anger,0.2988505747126437,0.14942528735632185,0.05747126436781609,0.011494252873563218,0.2413793103448276,0.09195402298850575,0.14942528735632185,3.607142857142857
MF0026,0009,fear,0.030927835051546393,0.27835051546391754,0.020618556701030927,0.1134020618556701,0.08247422680412371,0.16494845360824742,0.30927835051546393,2.466666666666667
MF0026,0009,happiness,NA,0.023255813953488372,NA,0.9534883720930233,NA,0.011627906976744186,0.011627906976744186,3.5274725274725274
